Date,Open,High,Low,Close,Volume
2018-09-17 07:00:00,4.02,4.18,3.9,4.18,2600
2018-09-18 07:00:00,3.9,3.94,3.9,3.94,500
2018-09-19 07:00:00,4.14,4.14,3.94,3.98,2000
2018-09-21 07:00:00,4.02,4.02,3.9,3.9,1800
2018-09-24 07:00:00,3.9,3.9,3.9,3.9,31
2018-09-25 07:00:00,3.9,3.9,3.9,3.9,2500
2018-09-26 07:00:00,4.02,4.02,4.02,4.02,1000
2018-09-27 07:00:00,4.06,4.06,4.02,4.02,800
2018-10-01 07:00:00,4.1,4.1,3.98,3.98,2449
2018-10-02 07:00:00,3.98,3.98,3.98,3.98,100
2018-10-03 07:00:00,3.94,3.98,3.77,3.98,334
2018-10-04 07:00:00,3.98,3.98,3.73,3.98,3612
2018-10-09 07:00:00,3.94,3.94,3.9,3.9,200
2018-10-11 07:00:00,3.61,3.61,3.61,3.61,509
2018-10-12 07:00:00,3.86,3.86,3.86,3.86,100
2018-10-15 07:00:00,3.61,3.94,3.61,3.94,400
2018-10-17 07:00:00,3.57,3.86,3.57,3.86,300
2018-10-22 07:00:00,3.86,3.86,3.86,3.86,17
2018-10-23 07:00:00,3.57,3.57,3.57,3.57,373
2018-10-24 07:00:00,3.73,3.73,3.73,3.73,200
2018-10-26 07:00:00,3.44,3.65,3.4,3.61,848
2018-10-29 07:00:00,3.61,3.61,3.61,3.61,120
2018-10-30 07:00:00,3.61,3.61,3.61,3.61,2310
2018-10-31 07:00:00,3.32,3.69,3.32,3.44,500
2018-11-01 07:00:00,3.28,3.61,3.28,3.61,248
2018-11-05 07:00:00,3.57,3.57,3.53,3.53,5441
2018-11-08 07:00:00,3.53,3.53,3.53,3.53,1
2018-11-09 07:00:00,3.32,3.73,3.2,3.2,7400
2018-11-12 07:00:00,3.49,3.49,3.49,3.49,258
2018-11-13 07:00:00,3.73,3.82,3.4,3.69,12000
2018-11-14 07:00:00,3.69,3.69,3.69,3.69,78
2018-11-15 07:00:00,3.44,3.49,3.44,3.49,200
2018-11-19 07:00:00,3.28,3.49,3.28,3.49,305
2018-11-20 07:00:00,3.24,3.49,3.24,3.49,1300
2018-11-21 07:00:00,3.24,3.44,3.24,3.44,400
2018-11-22 07:00:00,3.44,3.44,3.44,3.44,30
2018-11-26 07:00:00,3.24,3.61,3.24,3.61,1800
2018-11-28 07:00:00,3.9,3.9,3.9,3.9,100
2018-11-29 07:00:00,4.18,4.18,3.53,3.65,1911
2018-11-30 07:00:00,3.32,3.73,3.32,3.73,2259
2018-12-03 07:00:00,3.86,3.86,3.86,3.86,100
2018-12-04 07:00:00,3.49,4.18,3.49,3.65,15600
2018-12-05 07:00:00,3.49,3.49,3.49,3.49,340
2018-12-06 07:00:00,3.77,3.77,3.77,3.77,100
2018-12-07 07:00:00,3.73,4.02,3.49,3.49,500
2018-12-10 07:00:00,3.32,3.69,3.32,3.69,1100
2018-12-13 07:00:00,3.53,3.57,3.53,3.53,1100
2018-12-14 07:00:00,3.61,3.65,3.61,3.61,4000
2018-12-17 07:00:00,3.36,3.73,3.36,3.73,300
2018-12-19 07:00:00,3.36,3.65,3.36,3.65,500
2018-12-20 07:00:00,3.36,3.65,3.36,3.65,1401
2018-12-21 07:00:00,3.4,3.69,3.36,3.65,500
2018-12-24 07:00:00,3.65,3.65,3.65,3.65,1
2018-12-26 07:00:00,3.36,3.49,3.36,3.49,1100
2018-12-27 07:00:00,3.32,3.49,3.32,3.49,1900
2018-12-28 07:00:00,3.49,3.65,3.49,3.65,8900
2019-01-02 07:00:00,3.4,3.53,3.4,3.53,2134
2019-01-03 07:00:00,3.36,3.53,3.28,3.53,1920
2019-01-04 07:00:00,3.53,3.53,3.53,3.53,10
2019-01-07 07:00:00,3.4,3.65,3.4,3.65,2400
2019-01-10 07:00:00,3.36,3.49,3.32,3.32,7848
2019-01-11 07:00:00,3.32,3.32,3.28,3.32,2222
2019-01-15 07:00:00,3.32,3.32,3.32,3.32,101
2019-01-17 07:00:00,3.28,3.28,3.28,3.28,4100
2019-01-18 07:00:00,3.28,3.28,3.28,3.28,1
2019-01-21 07:00:00,3.28,3.28,3.28,3.28,700
2019-01-23 07:00:00,3.2,3.28,3.2,3.28,200
2019-01-25 07:00:00,3.24,3.24,3.24,3.24,100
2019-01-28 07:00:00,3.24,3.24,3.24,3.24,20
2019-01-30 07:00:00,3.24,3.24,3.24,3.24,10
2019-01-31 07:00:00,3.24,3.24,3.24,3.24,5
2019-02-11 07:00:00,3.12,3.28,2.99,3.24,15672
2019-02-12 07:00:00,3.28,3.28,3.2,3.2,7500
2019-02-14 07:00:00,3.2,3.36,3.2,3.36,200
2019-02-15 07:00:00,3.36,3.36,3.36,3.36,10
2019-02-18 07:00:00,3.2,3.2,3.2,3.2,200
2019-02-19 07:00:00,3.16,3.28,3.16,3.28,2305
2019-02-20 07:00:00,3.08,3.28,2.99,3.28,1561
2019-02-26 07:00:00,3.2,3.2,3.12,3.12,350
2019-02-27 07:00:00,2.99,3.2,2.99,3.2,2011
2019-03-01 07:00:00,2.99,3.16,2.99,3.16,300
2019-03-04 07:00:00,3.08,3.08,3.08,3.08,100
2019-03-05 07:00:00,3.16,3.28,3.16,3.28,1100
2019-03-06 07:00:00,3.28,3.28,2.95,3.2,11610
2019-03-07 07:00:00,2.99,3.24,2.99,3.24,700
2019-03-08 07:00:00,3.08,3.24,3.08,3.24,5418
2019-03-11 07:00:00,2.99,3.16,2.99,2.99,1600
2019-03-12 07:00:00,2.99,2.99,2.99,2.99,10
2019-03-13 07:00:00,2.99,2.99,2.99,2.99,30
2019-03-14 07:00:00,3.08,3.08,3.08,3.08,1000
2019-03-15 07:00:00,2.99,2.99,2.99,2.99,400
2019-03-18 07:00:00,3.12,3.12,2.99,2.99,10548
2019-03-19 07:00:00,3.08,3.08,3.08,3.08,1000
2019-03-20 07:00:00,2.99,2.99,2.99,2.99,2434
2019-03-25 07:00:00,3.08,3.08,3.08,3.08,1100
2019-03-26 07:00:00,2.95,2.99,2.91,2.99,1414
2019-03-28 07:00:00,2.91,2.99,2.91,2.99,2400
2019-03-29 07:00:00,3.08,3.08,2.95,2.99,8400
2019-04-01 07:00:00,3.04,3.16,2.99,3.04,23400
2019-04-02 07:00:00,3.12,3.12,3.08,3.08,1200
2019-04-03 07:00:00,3.12,3.32,3.12,3.16,4935
2019-04-04 07:00:00,3.16,3.2,3.12,3.2,9900
2019-04-05 07:00:00,3.2,3.24,3.2,3.24,4400
2019-04-08 07:00:00,3.08,3.08,3.08,3.08,15000
2019-04-09 07:00:00,3.12,3.12,3.08,3.08,2500
2019-04-10 07:00:00,3.16,3.2,3.08,3.2,10200
2019-04-11 07:00:00,3.16,3.2,3.16,3.2,2000
2019-04-12 07:00:00,3.24,3.28,3.24,3.28,1200
2019-04-16 07:00:00,3.24,3.28,3.2,3.28,1700
2019-04-17 07:00:00,3.28,3.28,3.28,3.28,1500
2019-04-18 07:00:00,3.36,3.36,3.28,3.32,20300
2019-04-19 07:00:00,3.4,3.4,3.36,3.36,600
2019-04-22 07:00:00,3.44,3.57,3.44,3.57,5900
2019-04-24 07:00:00,3.32,3.32,3.32,3.32,7000
2019-04-25 07:00:00,3.36,3.65,3.32,3.49,13400
2019-05-02 07:00:00,3.32,3.53,3.32,3.53,2800
2019-05-03 07:00:00,3.49,3.53,3.28,3.28,1700
2019-05-06 07:00:00,3.28,3.4,3.24,3.4,4900
2019-05-07 07:00:00,3.32,3.49,3.32,3.49,3800
2019-05-08 07:00:00,3.49,3.49,3.49,3.49,1700
2019-05-09 07:00:00,3.32,3.44,3.32,3.44,700
2019-05-10 07:00:00,3.4,3.4,3.4,3.4,200
2019-05-13 07:00:00,3.36,3.36,3.36,3.36,4000
2019-05-14 07:00:00,3.36,3.4,3.36,3.4,3200
2019-05-15 07:00:00,3.4,3.4,3.4,3.4,2000
2019-05-16 07:00:00,3.49,3.57,3.49,3.57,2100
2019-05-17 07:00:00,3.36,3.36,3.36,3.36,300
2019-05-20 07:00:00,3.44,3.44,3.44,3.44,200
2019-05-21 07:00:00,3.44,3.44,3.44,3.44,100
2019-05-24 07:00:00,3.49,3.49,3.49,3.49,100
2019-05-27 07:00:00,3.36,3.36,3.32,3.32,1100
2019-05-28 07:00:00,3.49,3.49,3.32,3.32,2100
2019-05-29 07:00:00,3.53,3.53,3.53,3.53,2400
2019-05-30 07:00:00,3.49,3.77,3.49,3.49,3500
2019-06-03 07:00:00,3.49,3.49,3.36,3.44,700
2019-06-04 07:00:00,3.32,3.53,3.32,3.53,400
2019-06-05 07:00:00,3.36,3.53,3.28,3.53,6000
2019-06-10 07:00:00,3.36,3.36,3.36,3.36,300
2019-06-11 07:00:00,3.36,3.53,3.36,3.53,2600
2019-06-12 07:00:00,3.36,3.36,3.36,3.36,2000
2019-06-13 07:00:00,3.53,3.53,3.53,3.53,100
2019-06-14 07:00:00,3.36,3.49,3.2,3.49,20000
2019-06-17 07:00:00,3.49,3.49,3.49,3.49,300
2019-06-18 07:00:00,3.82,3.82,3.82,3.82,100
2019-06-20 07:00:00,3.57,3.57,3.57,3.57,100
2019-06-21 07:00:00,3.32,3.44,3.32,3.44,300
2019-06-24 07:00:00,3.36,3.57,3.36,3.57,11600
2019-06-26 07:00:00,3.53,3.53,3.4,3.4,2000
2019-06-27 07:00:00,3.4,3.4,3.4,3.4,12100
2019-06-28 07:00:00,3.4,3.4,3.4,3.4,7
2019-07-02 07:00:00,3.4,3.4,3.4,3.4,300
2019-07-04 07:00:00,3.53,3.53,3.53,3.53,100
2019-07-08 07:00:00,3.49,3.49,3.49,3.49,5000
2019-07-11 07:00:00,3.49,3.49,3.49,3.49,20
2019-07-12 07:00:00,3.4,3.49,3.4,3.49,1800
2019-07-15 07:00:00,3.44,3.44,3.44,3.44,1100
2019-07-16 07:00:00,3.4,3.49,3.4,3.49,4800
2019-07-17 07:00:00,3.49,3.49,3.49,3.49,1700
2019-07-19 07:00:00,3.44,3.44,3.44,3.44,600
2019-07-22 07:00:00,3.44,3.44,3.36,3.36,2200
2019-07-23 07:00:00,3.44,3.49,3.36,3.44,9000
2019-07-24 07:00:00,3.44,3.49,3.44,3.44,8500
2019-07-25 07:00:00,3.49,3.49,3.44,3.49,1500
2019-07-26 07:00:00,3.49,3.57,3.49,3.53,10300
2019-07-29 07:00:00,3.57,3.69,3.57,3.65,5324
2019-07-31 07:00:00,3.53,3.57,3.4,3.57,3500
2019-08-01 07:00:00,3.61,3.65,3.61,3.65,1000
2019-08-02 07:00:00,3.65,3.69,3.65,3.69,2000
2019-08-05 07:00:00,3.57,3.57,3.53,3.53,5200
2019-08-06 07:00:00,3.53,3.53,3.53,3.53,46
2019-08-07 07:00:00,3.44,3.44,3.44,3.44,100
2019-08-08 07:00:00,3.44,3.44,3.44,3.44,4500
2019-08-09 07:00:00,3.49,3.49,3.49,3.49,3000
2019-08-13 07:00:00,3.49,3.53,3.49,3.49,4018
2019-08-14 07:00:00,3.49,3.69,3.49,3.69,800
2019-08-15 07:00:00,3.49,3.65,3.49,3.65,5100
2019-08-16 07:00:00,3.65,3.77,3.65,3.77,500
2019-08-19 07:00:00,3.57,3.57,3.57,3.57,100
2019-08-20 07:00:00,3.57,3.57,3.57,3.57,10700
2019-08-21 07:00:00,3.61,3.86,3.61,3.86,5100
2019-08-22 07:00:00,3.57,3.77,3.57,3.77,2100
2019-08-23 07:00:00,3.9,3.9,3.73,3.86,1800
2019-08-26 07:00:00,4.06,4.06,3.73,4.02,12005
2019-08-27 07:00:00,4.02,4.06,4.02,4.02,1922
2019-08-28 07:00:00,4.06,4.06,3.73,4.02,4510
2019-08-29 07:00:00,4.02,4.02,3.86,3.98,6700
2019-08-30 07:00:00,3.98,4.02,3.94,4.02,18400
2019-09-03 07:00:00,4.06,4.27,4.06,4.1,54325
2019-09-04 07:00:00,4.06,4.06,4.02,4.02,10800
2019-09-05 07:00:00,4.16,4.16,3.87,3.87,15300
2019-09-06 07:00:00,3.87,3.97,3.87,3.87,13200
2019-09-09 07:00:00,3.87,4.26,3.87,4.26,11700
2019-09-10 07:00:00,4.02,4.12,3.97,3.97,1200
2019-09-11 07:00:00,3.92,4.12,3.92,4.12,3900
2019-09-12 07:00:00,4.12,4.16,4.12,4.16,6000
2019-09-13 07:00:00,3.87,4.12,3.87,4.12,4100
2019-09-16 07:00:00,4.12,4.12,3.97,4.07,5010
2019-09-17 07:00:00,3.97,4.07,3.92,4.07,9326
2019-09-18 07:00:00,3.92,3.97,3.92,3.97,4700
2019-09-19 07:00:00,4.07,4.12,4.07,4.12,9500
2019-09-20 07:00:00,4.12,4.16,4.12,4.16,35200
2019-09-23 07:00:00,4.16,4.16,4.12,4.12,6800
2019-09-24 07:00:00,4.16,4.26,4.16,4.16,12005
2019-09-25 07:00:00,4.16,4.26,4.12,4.26,20300
2019-09-26 07:00:00,4.26,4.31,3.92,4.21,14000
2019-09-27 07:00:00,4.21,4.21,4.21,4.21,6900
2019-09-30 07:00:00,3.83,4.36,3.83,4.36,400
2019-10-01 07:00:00,4.36,4.36,4.31,4.36,1000
2019-10-02 07:00:00,4.31,4.31,4.12,4.12,4500
2019-10-03 07:00:00,4.26,4.26,4.26,4.26,600
2019-10-04 07:00:00,4.26,4.26,4.26,4.26,28
2019-10-07 07:00:00,4.12,4.26,4.12,4.26,1000
2019-10-08 07:00:00,4.26,4.26,4.16,4.16,8000
2019-10-09 07:00:00,4.16,4.36,4.16,4.21,10200
2019-10-10 07:00:00,4.21,4.21,4.21,4.21,4300
2019-10-11 07:00:00,4.21,4.36,4.21,4.31,3000
2019-10-14 07:00:00,4.36,4.36,4.21,4.36,4700
2019-10-15 07:00:00,4.21,4.21,4.12,4.12,19000
2019-10-16 07:00:00,4.26,4.31,4.12,4.12,1200
2019-10-17 07:00:00,4.26,4.26,4.26,4.26,150
2019-10-18 07:00:00,4.31,4.31,4.31,4.31,137
2019-10-21 07:00:00,4.12,4.26,4.12,4.21,1280
2019-10-22 07:00:00,3.83,4.26,3.83,4.26,600
2019-10-23 07:00:00,4.21,4.26,4.21,4.26,7300
2019-10-24 07:00:00,4.21,4.26,4.21,4.26,3600
2019-10-25 07:00:00,4.21,4.21,4.21,4.21,4500
2019-10-30 07:00:00,4.02,4.02,4.02,4.02,1400
2019-10-31 07:00:00,4.12,4.12,4.12,4.12,200
2019-11-01 07:00:00,4.07,4.07,4.07,4.07,3100
2019-11-04 07:00:00,4.07,4.16,4.07,4.16,2120
2019-11-05 07:00:00,4.07,4.16,4.07,4.16,5971
2019-11-06 07:00:00,4.21,4.21,4.21,4.21,100
2019-11-07 07:00:00,3.83,4.16,3.83,4.02,400
2019-11-08 07:00:00,4.16,4.16,4.16,4.16,300
2019-11-12 07:00:00,4.02,4.02,4.02,4.02,300
2019-11-15 07:00:00,4.02,4.02,4.02,4.02,100
2019-11-18 07:00:00,4.02,4.02,4.02,4.02,1300
2019-11-19 07:00:00,4.02,4.02,3.97,3.97,2400
2019-11-20 07:00:00,3.92,4.12,3.87,4.12,2100
2019-11-27 07:00:00,3.92,3.92,3.87,3.87,5000
2019-11-28 07:00:00,3.92,3.92,3.87,3.87,7100
2019-11-29 07:00:00,4.02,4.02,4.02,4.02,1400
2019-12-02 07:00:00,4.02,4.12,3.87,4.12,4200
2019-12-03 07:00:00,3.87,3.87,3.87,3.87,4000
2019-12-04 07:00:00,3.87,4.12,3.87,4.12,6500
2019-12-05 07:00:00,3.87,4.12,3.87,4.12,2500
2019-12-06 07:00:00,3.87,3.87,3.87,3.87,400
2019-12-09 07:00:00,3.87,4.02,3.78,4.02,14200
2019-12-10 07:00:00,3.83,4.02,3.78,4.02,20100
2019-12-11 07:00:00,3.83,3.83,3.78,3.78,25000
2019-12-12 07:00:00,3.97,3.97,3.73,3.97,30200
2019-12-13 07:00:00,3.92,3.97,3.73,3.97,38700
2019-12-16 07:00:00,3.78,3.97,3.73,3.97,60200
2019-12-17 07:00:00,3.78,3.87,3.78,3.87,8380
2019-12-18 07:00:00,3.87,3.87,3.87,3.87,1000
2019-12-19 07:00:00,3.97,3.97,3.87,3.87,4900
2019-12-20 07:00:00,3.87,3.87,3.87,3.87,5100
2019-12-23 07:00:00,3.87,3.92,3.87,3.92,700
2019-12-24 07:00:00,4.12,4.21,4.12,4.21,4000
2019-12-25 07:00:00,3.92,3.92,3.92,3.92,200
2019-12-26 07:00:00,3.92,4.02,3.92,3.92,900
2019-12-27 07:00:00,3.92,4.16,3.92,4.16,1600
2019-12-30 07:00:00,4.16,4.26,4.16,4.26,600
2019-12-31 07:00:00,4.16,4.41,4.16,4.41,7200
2020-01-02 07:00:00,4.41,4.41,4.41,4.41,5610
2020-01-03 07:00:00,4.07,4.07,4.07,4.07,100
2020-01-06 07:00:00,4.07,4.07,4.07,4.07,7200
2020-01-07 07:00:00,4.07,4.07,4.07,4.07,20
2020-01-08 07:00:00,4.07,4.07,4.07,4.07,1010
2020-01-09 07:00:00,4.07,4.21,4.21,4.21,110
2020-01-15 07:00:00,4.02,4.16,4.02,4.16,2100
2020-01-17 07:00:00,4.36,4.46,3.83,4.46,4211
2020-01-20 07:00:00,4.07,4.31,4.07,4.31,200
2020-01-22 07:00:00,4.31,4.31,4.12,4.31,11200
2020-01-30 07:00:00,4.16,4.16,4.16,4.16,1700
2020-01-31 07:00:00,3.78,4.02,3.78,4.02,10300
2020-02-03 07:00:00,4.02,4.02,4.02,4.02,6200
2020-02-04 07:00:00,3.63,4.31,3.63,4.31,200
2020-02-05 07:00:00,4.07,4.31,4.07,4.31,2600
2020-02-06 07:00:00,4.12,4.31,4.07,4.31,8200
2020-02-07 07:00:00,4.26,4.26,4.12,4.21,6712
2020-02-10 07:00:00,4.31,4.31,4.31,4.31,100
2020-02-11 07:00:00,4.26,4.26,4.26,4.26,100
2020-02-12 07:00:00,4.31,4.31,4.31,4.31,100
2020-02-14 07:00:00,4.31,4.31,4.31,4.31,2
2020-02-18 07:00:00,4.36,4.36,4.36,4.36,200
2020-02-19 07:00:00,4.16,4.31,4.16,4.31,200
2020-02-21 07:00:00,4.16,4.36,4.16,4.36,2100
2020-02-24 07:00:00,4.07,4.26,4.07,4.26,600
2020-02-25 07:00:00,4.31,4.31,4.31,4.31,100
2020-03-02 07:00:00,4.36,4.36,4.36,4.36,100
2020-03-03 07:00:00,4.46,4.46,4.46,4.46,100
2020-03-09 07:00:00,4.21,4.31,4.12,4.31,1600
2020-03-11 07:00:00,4.31,4.31,4.31,4.31,100
2020-03-17 07:00:00,4.21,4.21,4.02,4.21,1200
2020-03-19 07:00:00,4.21,4.21,4.21,4.21,2500
2020-03-20 07:00:00,4.12,4.12,4.12,4.12,2000
2020-03-23 07:00:00,4.07,4.07,4.02,4.02,2000
2020-03-24 07:00:00,3.87,4.12,3.87,4.12,806
2020-03-31 07:00:00,3.87,3.87,3.87,3.87,3100
2020-04-01 07:00:00,3.83,3.83,3.83,3.83,100
2020-04-03 07:00:00,3.87,3.87,3.87,3.87,206
2020-04-06 07:00:00,3.87,3.87,3.78,3.87,9400
2020-04-07 07:00:00,3.87,3.87,3.83,3.87,2400
2020-04-08 07:00:00,3.87,3.87,3.87,3.87,40
2020-04-09 07:00:00,3.92,3.92,3.92,3.92,100
2020-04-10 07:00:00,3.92,3.92,3.92,3.92,100
2020-04-13 07:00:00,3.92,3.92,3.92,3.92,200
2020-04-15 07:00:00,3.92,3.92,3.92,3.92,300
2020-04-16 07:00:00,4.02,4.02,4.02,4.02,100
2020-04-17 07:00:00,3.97,3.97,3.97,3.97,100
2020-04-21 07:00:00,3.87,3.87,3.87,3.87,1000
2020-04-22 07:00:00,3.92,3.92,3.92,3.92,2200
2020-04-23 07:00:00,3.92,3.92,3.92,3.92,1300
2020-04-27 07:00:00,3.92,3.92,3.92,3.92,711
2020-04-28 07:00:00,3.92,3.92,3.92,3.92,5000
2020-05-04 07:00:00,3.92,3.92,3.92,3.92,3800
2020-05-05 07:00:00,3.92,3.92,3.92,3.92,1010
2020-05-06 07:00:00,3.97,4.26,3.97,4.07,12301
2020-05-07 07:00:00,4.16,4.16,4.16,4.16,100
2020-05-08 07:00:00,4.02,4.21,4.02,4.21,4226
2020-05-12 07:00:00,4.21,4.21,4.21,4.21,96
2020-05-15 07:00:00,4.12,4.12,4.12,4.12,1670
2020-05-18 07:00:00,4.12,4.12,4.12,4.12,1000
2020-05-19 07:00:00,4.07,4.07,3.92,3.92,7000
2020-05-20 07:00:00,4.12,4.12,4.12,4.12,4000
2020-05-21 07:00:00,4.21,4.21,4.21,4.21,2500
2020-05-22 07:00:00,4.21,4.21,4.21,4.21,2500
2020-05-25 07:00:00,4.21,4.46,4.21,4.46,600
2020-05-26 07:00:00,4.8,4.8,4.55,4.55,640
2020-05-27 07:00:00,4.5,4.5,4.5,4.5,200
2020-05-28 07:00:00,4.5,4.5,4.5,4.5,93
2020-06-02 07:00:00,4.12,4.12,4.12,4.12,10156
2020-06-03 07:00:00,4.46,4.46,4.46,4.46,100
2020-06-04 07:00:00,4.16,4.5,4.16,4.5,400
2020-06-05 07:00:00,4.16,4.26,4.12,4.26,4200
2020-06-08 07:00:00,4.12,4.12,4.12,4.12,1900
2020-06-09 07:00:00,4.12,4.12,4.12,4.12,300
2020-06-12 07:00:00,3.87,4.21,3.87,4.21,606
2020-06-15 07:00:00,3.97,4.16,3.97,4.16,2500
2020-06-16 07:00:00,4.21,4.5,4.21,4.5,830
2020-06-18 07:00:00,4.07,4.07,4.07,4.07,500
2020-06-19 07:00:00,4.21,4.21,4.21,4.21,100
2020-06-22 07:00:00,4.16,4.16,4.16,4.16,3000
2020-06-23 07:00:00,4.31,4.31,4.16,4.16,1100
2020-06-24 07:00:00,4.31,4.31,4.31,4.31,230
2020-06-25 07:00:00,4.36,4.36,4.36,4.36,100
2020-06-26 07:00:00,4.41,4.41,4.16,4.41,800
2020-06-29 07:00:00,4.16,4.5,4.16,4.5,300
2020-07-03 07:00:00,4.8,4.8,4.16,4.7,400
2020-07-14 07:00:00,4.6,4.6,4.6,4.6,4000
2020-07-15 07:00:00,4.7,4.7,4.7,4.7,100
2020-07-22 07:00:00,4.36,4.5,4.36,4.5,5100
2020-07-23 07:00:00,4.36,4.94,4.36,4.94,2100
2020-07-24 07:00:00,4.46,4.46,4.46,4.46,100
2020-07-27 07:00:00,4.46,4.46,4.36,4.36,32730
2020-07-28 07:00:00,4.46,4.55,4.36,4.36,1200
2020-07-29 07:00:00,4.26,4.26,4.26,4.26,600
2020-07-30 07:00:00,4.16,4.46,4.16,4.41,3000
2020-07-31 07:00:00,4.41,4.41,4.41,4.41,3010
2020-08-03 07:00:00,4.41,4.46,4.41,4.46,12910
2020-08-04 07:00:00,4.46,4.5,4.26,4.46,35500
2020-08-05 07:00:00,4.8,4.8,4.5,4.55,17700
2020-08-06 07:00:00,4.36,4.55,4.26,4.5,1560
2020-08-07 07:00:00,4.41,4.41,4.41,4.41,2300
2020-08-10 07:00:00,4.26,4.36,4.26,4.36,3600
2020-08-11 07:00:00,4.36,4.36,4.26,4.26,600
2020-08-12 07:00:00,4.26,4.5,4.26,4.5,6500
2020-08-13 07:00:00,4.41,4.46,4.41,4.41,640
2020-08-14 07:00:00,4.31,4.31,4.26,4.26,6700
2020-08-17 07:00:00,4.26,4.26,4.12,4.26,12000
2020-08-18 07:00:00,4.16,4.26,4.12,4.26,4700
2020-08-19 07:00:00,4.26,4.26,4.26,4.26,14000
2020-08-20 07:00:00,4.26,4.36,4.26,4.31,8200
2020-08-21 07:00:00,4.26,4.26,4.21,4.26,1100
2020-08-24 07:00:00,4.31,4.31,4.26,4.31,400
2020-08-25 07:00:00,4.26,4.31,4.26,4.31,2100
2020-08-26 07:00:00,4.26,4.31,4.26,4.31,2501
2020-08-27 07:00:00,4.26,4.26,4.26,4.26,1000
2020-08-28 07:00:00,4.26,4.31,4.26,4.31,8300
2020-08-31 07:00:00,4.26,4.31,4.21,4.31,600
2020-09-03 07:00:00,4.26,4.26,4.21,4.21,6000
2020-09-04 07:00:00,4.21,4.21,4.16,4.21,18100
2020-09-07 07:00:00,4.5,4.5,4.5,4.5,100
2020-09-09 07:00:00,4.36,4.36,4.36,4.36,300
2020-09-10 07:00:00,4.26,4.26,4.26,4.26,6200
2020-09-11 07:00:00,4.26,4.26,4.12,4.12,5000
2020-09-14 07:00:00,4.12,4.46,4.12,4.31,17910
2020-09-15 07:00:00,4.31,4.36,4.31,4.36,42000
2020-09-16 07:00:00,4.31,4.36,4.26,4.36,25100
2020-09-17 07:00:00,4.31,4.36,4.31,4.36,13100
2020-09-18 07:00:00,4.31,4.36,4.26,4.36,3300
2020-09-21 07:00:00,4.31,4.36,4.31,4.36,8209
2020-09-22 07:00:00,4.31,4.41,4.31,4.41,31800
2020-09-23 07:00:00,4.36,4.36,4.36,4.36,9300
2020-09-24 07:00:00,4.36,4.36,4.36,4.36,3400
2020-09-25 07:00:00,4.31,4.36,4.31,4.36,10800
2020-09-28 07:00:00,4.31,4.36,4.31,4.36,14500
2020-09-29 07:00:00,4.31,4.36,4.31,4.36,8200
2020-09-30 07:00:00,4.31,4.36,4.31,4.36,12500
2020-10-01 07:00:00,4.31,4.36,4.31,4.36,11300
2020-10-02 07:00:00,4.36,4.36,4.36,4.36,27214
2020-10-05 07:00:00,4.31,4.41,4.31,4.41,33600
2020-10-06 07:00:00,4.41,4.41,4.41,4.41,10000
2020-10-07 07:00:00,4.41,4.75,4.41,4.6,115322
2020-10-08 07:00:00,4.6,5.04,4.6,5.04,335536
2020-10-09 07:00:00,5.23,5.52,5.13,5.52,250000
2020-10-12 07:00:00,5.72,5.72,5.28,5.67,243851
2020-10-13 07:00:00,5.42,5.52,5.28,5.38,73410
2020-10-14 07:00:00,5.42,5.47,5.28,5.38,72836
2020-10-15 07:00:00,5.33,5.42,5.18,5.23,62600
2020-10-16 07:00:00,5.23,5.23,5.08,5.23,41000
2020-10-19 07:00:00,5.23,5.23,5.08,5.18,34936
2020-10-20 07:00:00,5.18,5.18,4.94,5.08,92400
2020-10-21 07:00:00,5.59,5.59,4.8,4.92,55424
2020-10-22 07:00:00,4.92,4.92,4.8,4.92,12300
2020-10-23 07:00:00,4.92,5.08,4.92,5.08,46336
2020-10-26 07:00:00,4.97,4.97,4.92,4.92,10900
2020-10-27 07:00:00,4.92,4.92,4.86,4.86,17900
2020-10-28 07:00:00,4.86,4.86,4.75,4.8,35700
2020-10-29 07:00:00,4.8,4.86,4.8,4.86,3600
2020-10-30 07:00:00,4.86,4.92,4.8,4.86,16800
2020-11-02 07:00:00,4.86,4.97,4.86,4.92,26800
2020-11-03 07:00:00,4.97,4.97,4.86,4.92,24100
2020-11-04 07:00:00,4.97,4.97,4.92,4.97,5400
2020-11-05 07:00:00,4.97,4.97,4.86,4.92,24310
2020-11-06 07:00:00,4.97,4.97,4.58,4.86,102300
2020-11-09 07:00:00,4.86,4.92,4.86,4.92,8500
2020-11-10 07:00:00,4.86,4.97,4.86,4.97,21300
2020-11-11 07:00:00,4.92,4.97,4.86,4.97,20000
2020-11-12 07:00:00,4.92,4.92,4.86,4.86,19500
2020-11-13 07:00:00,4.92,4.92,4.8,4.92,38800
2020-11-16 07:00:00,4.92,4.92,4.75,4.8,205300
2020-11-17 07:00:00,4.86,4.97,4.75,4.97,94300
2020-11-18 07:00:00,5.03,5.2,4.97,5.14,59000
2020-11-19 07:00:00,5.14,5.14,5.03,5.14,116690
2020-11-20 07:00:00,5.14,5.26,5.08,5.26,68107
2020-11-23 07:00:00,5.31,5.31,5.2,5.26,31600
2020-11-24 07:00:00,5.26,5.31,5.14,5.26,68492
2020-11-25 07:00:00,5.26,5.26,5.14,5.2,32900
2020-11-26 07:00:00,5.2,5.37,5.2,5.26,82618
2020-11-27 07:00:00,5.26,5.37,5.26,5.31,4700
2020-11-30 07:00:00,5.31,5.37,5.26,5.31,31626
2020-12-01 07:00:00,5.26,5.37,5.2,5.37,37775
2020-12-02 07:00:00,5.37,5.42,5.31,5.42,52300
2020-12-03 07:00:00,5.37,5.42,5.31,5.42,14424
2020-12-04 07:00:00,5.31,5.42,5.31,5.42,26585
2020-12-07 07:00:00,5.42,5.65,5.42,5.65,124734
2020-12-08 07:00:00,5.65,5.65,5.59,5.59,16800
2020-12-09 07:00:00,5.59,5.65,5.48,5.59,38400
2020-12-10 07:00:00,5.54,5.54,5.42,5.48,46200
2020-12-11 07:00:00,5.42,5.59,5.42,5.59,7189
2020-12-14 07:00:00,5.48,5.54,5.42,5.54,23500
2020-12-15 07:00:00,5.54,5.59,5.48,5.54,15700
2020-12-16 07:00:00,5.54,5.93,5.54,5.88,85000
2020-12-17 07:00:00,5.88,5.93,5.76,5.93,41800
2020-12-18 07:00:00,5.99,5.99,5.82,5.82,9630
2020-12-21 07:00:00,5.82,5.82,5.76,5.82,5859
2020-12-22 07:00:00,5.82,5.82,5.71,5.82,20200
2020-12-23 07:00:00,5.82,5.82,5.65,5.82,99008
2020-12-24 07:00:00,5.82,5.88,5.59,5.71,19319
2020-12-25 07:00:00,5.65,5.82,5.65,5.71,5400
2020-12-28 07:00:00,5.71,6.1,5.71,5.99,83750
2020-12-29 07:00:00,5.99,6.33,5.99,6.33,89562
2020-12-30 07:00:00,6.33,6.38,6.33,6.33,21400
2020-12-31 07:00:00,6.22,6.33,6.22,6.33,51730
2021-01-04 07:00:00,6.33,6.33,6.22,6.27,23049
2021-01-05 07:00:00,6.16,6.33,6.16,6.27,60095
2021-01-06 07:00:00,6.38,6.84,6.38,6.84,96000
2021-01-07 07:00:00,6.78,6.89,6.72,6.84,59500
2021-01-08 07:00:00,6.84,6.84,6.67,6.72,65297
2021-01-11 07:00:00,6.78,6.78,6.67,6.72,27300
2021-01-12 07:00:00,6.72,7.06,6.5,6.95,182140
2021-01-13 07:00:00,6.95,7.06,6.72,6.72,35006
2021-01-14 07:00:00,6.72,7.06,6.72,6.95,129200
2021-01-15 07:00:00,6.84,6.84,6.67,6.72,51100
2021-01-18 07:00:00,6.84,6.84,6.61,6.72,11700
2021-01-19 07:00:00,6.61,6.72,6.22,6.5,41100
2021-01-20 07:00:00,6.38,6.55,6.38,6.55,2600
2021-01-21 07:00:00,6.38,6.61,6.38,6.61,11400
2021-01-22 07:00:00,6.61,6.61,6.5,6.5,13300
2021-01-25 07:00:00,6.5,6.5,6.38,6.5,17800
2021-01-26 07:00:00,6.38,6.55,6.22,6.38,22800
2021-01-27 07:00:00,6.27,6.27,6.1,6.22,25500
2021-01-28 07:00:00,5.99,6.1,5.59,5.76,103510
2021-01-29 07:00:00,5.76,5.99,5.48,5.99,21700
2021-02-01 07:00:00,6.1,6.1,5.65,5.93,31400
2021-02-02 07:00:00,5.93,6.05,5.88,5.88,4700
2021-02-03 07:00:00,5.88,6.1,5.88,6.1,20900
2021-02-04 07:00:00,6.05,6.16,5.99,6.1,3400
2021-02-05 07:00:00,6.1,6.16,6.1,6.1,37600
2021-02-08 07:00:00,6.22,6.22,5.93,5.93,26900
2021-02-09 07:00:00,6.05,6.5,6.05,6.38,18700
2021-02-17 07:00:00,6.44,6.55,6.44,6.5,58800
2021-02-18 07:00:00,6.5,6.5,6.44,6.5,23400
2021-02-19 07:00:00,6.5,6.55,6.5,6.55,26000
2021-02-22 07:00:00,6.55,6.72,6.55,6.55,48810
2021-02-23 07:00:00,6.55,6.55,6.5,6.5,7500
2021-02-24 07:00:00,6.61,6.67,6.38,6.44,36109
2021-02-25 07:00:00,6.5,6.55,6.38,6.5,25200
2021-02-26 07:00:00,6.5,6.5,6.5,6.5,7300
2021-03-01 07:00:00,6.5,6.55,6.5,6.5,52800
2021-03-02 07:00:00,6.61,6.89,6.5,6.89,87700
2021-03-03 07:00:00,6.89,7.12,6.89,7.06,64600
2021-03-04 07:00:00,7.06,7.06,6.72,6.95,14712
2021-03-05 07:00:00,6.84,6.95,6.78,6.89,30300
2021-03-08 07:00:00,6.95,7.06,6.84,7.06,53400
2021-03-09 07:00:00,7.06,7.06,6.89,6.89,21000
2021-03-10 07:00:00,7.06,7.06,6.84,6.95,15900
2021-03-11 07:00:00,7.06,7.06,6.89,7.01,19900
2021-03-12 07:00:00,7.01,7.06,6.89,7.01,10600
2021-03-15 07:00:00,6.95,6.95,6.95,6.95,3600
2021-03-16 07:00:00,6.95,7.12,6.95,7.06,57600
2021-03-17 07:00:00,7.06,7.18,7.01,7.12,19100
2021-03-18 07:00:00,7.12,7.12,7.01,7.06,16700
2021-03-19 07:00:00,6.95,7.06,6.95,7.06,31800
2021-03-22 07:00:00,6.95,6.95,6.78,6.89,104300
2021-03-23 07:00:00,6.84,6.84,6.72,6.78,34200
2021-03-24 07:00:00,6.67,6.67,6.44,6.61,102386
2021-03-25 07:00:00,6.55,6.61,6.5,6.61,16900
2021-03-26 07:00:00,6.55,6.61,6.55,6.61,16400
2021-03-29 07:00:00,6.5,6.61,6.5,6.55,25186
2021-03-30 07:00:00,6.61,6.84,6.55,6.72,45900
2021-03-31 07:00:00,6.72,6.78,6.61,6.61,16856
2021-04-01 07:00:00,6.61,6.72,6.5,6.72,14800
2021-04-02 07:00:00,6.72,6.72,6.61,6.72,21107
2021-04-05 07:00:00,6.72,6.72,6.5,6.67,10889
2021-04-06 07:00:00,6.61,6.61,6.5,6.61,18530
2021-04-07 07:00:00,6.72,6.72,6.44,6.61,36200
2021-04-08 07:00:00,6.61,6.61,6.55,6.61,37500
2021-04-09 07:00:00,6.61,6.61,6.55,6.61,36200
2021-04-12 07:00:00,6.67,6.67,6.55,6.61,52700
2021-04-13 07:00:00,6.61,6.72,6.55,6.67,67200
2021-04-14 07:00:00,6.67,6.67,6.55,6.67,19819
2021-04-15 07:00:00,6.61,6.61,6.5,6.55,27200
2021-04-16 07:00:00,6.5,6.5,6.27,6.5,29900
2021-04-19 07:00:00,6.5,6.5,6.38,6.44,19600
2021-04-20 07:00:00,6.5,6.61,6.38,6.38,13800
2021-04-22 07:00:00,6.38,6.38,6.27,6.33,17500
2021-04-23 07:00:00,6.27,6.27,6.22,6.27,13700
2021-04-26 07:00:00,6.27,6.27,6.1,6.16,19610
2021-04-27 07:00:00,6.1,6.16,6.1,6.1,20100
2021-04-28 07:00:00,6.05,6.16,6.05,6.16,13500
2021-04-29 07:00:00,6.16,6.16,6.1,6.16,12100
2021-05-04 07:00:00,6.1,6.22,6.05,6.22,18100
2021-05-05 07:00:00,6.22,6.27,6.16,6.27,38100
2021-05-06 07:00:00,6.22,6.27,6.16,6.22,42000
2021-05-07 07:00:00,6.16,6.22,6.1,6.1,28000
2021-05-10 07:00:00,6.1,6.1,6.05,6.1,17600
2021-05-11 07:00:00,6.1,6.22,5.88,6.16,23600
2021-05-12 07:00:00,6.16,6.16,6.16,6.16,400
2021-05-13 07:00:00,6.1,6.16,6.1,6.16,2300
2021-05-14 07:00:00,6.16,6.22,6.16,6.16,25900
2021-05-17 07:00:00,6.1,6.1,6.05,6.1,47519
2021-05-18 07:00:00,6.1,6.1,5.99,6.1,6000
2021-05-19 07:00:00,6.05,6.05,6.05,6.05,6900
2021-05-20 07:00:00,6.05,6.05,5.99,6.05,43600
2021-05-21 07:00:00,5.93,6.05,5.93,6.05,4500
2021-05-24 07:00:00,5.93,6.05,5.93,6.05,57700
2021-05-25 07:00:00,6.05,6.05,5.48,5.99,23924
2021-05-26 07:00:00,5.88,5.99,5.88,5.99,3800
2021-05-27 07:00:00,6.05,6.05,5.88,5.93,19500
2021-05-28 07:00:00,5.88,5.93,5.88,5.93,10700
2021-05-31 07:00:00,5.88,5.93,5.82,5.93,15400
2021-06-01 07:00:00,5.88,5.93,5.82,5.93,9624
2021-06-02 07:00:00,5.82,5.93,5.82,5.93,2800
2021-06-03 07:00:00,5.93,6.5,5.93,6.22,19700
2021-06-04 07:00:00,6.33,6.38,5.99,6.22,400
2021-06-07 07:00:00,6.16,6.16,6.1,6.16,1000
2021-06-08 07:00:00,6.16,6.22,5.93,6.16,12500
2021-06-09 07:00:00,5.99,6.16,5.99,6.16,1700
2021-06-10 07:00:00,6.16,6.16,6.16,6.16,100
2021-06-11 07:00:00,6.05,6.1,5.99,6.1,12000
2021-06-14 07:00:00,6.1,6.1,5.99,6.1,1200
2021-06-15 07:00:00,6.05,6.1,5.99,6.1,10800
2021-06-16 07:00:00,6.05,6.16,5.99,6.16,12905
2021-06-17 07:00:00,6.16,6.22,6.16,6.16,10800
2021-06-18 07:00:00,6.22,6.22,6.1,6.22,19600
2021-06-21 07:00:00,6.22,6.27,6.22,6.22,7300
2021-06-22 07:00:00,6.22,6.22,6.16,6.22,4000
2021-06-23 07:00:00,6.22,6.27,6.1,6.27,30450
2021-06-24 07:00:00,6.27,6.27,6.16,6.22,2600
2021-06-25 07:00:00,6.22,6.22,6.16,6.22,9600
2021-06-28 07:00:00,6.16,6.22,6.1,6.1,10500
2021-06-29 07:00:00,6.16,6.22,6.1,6.16,6600
2021-06-30 07:00:00,6.16,6.33,6.16,6.33,30800
2021-07-02 07:00:00,6.1,6.27,6.05,6.27,11800
2021-07-05 07:00:00,6.22,6.27,5.99,6.1,14000
2021-07-06 07:00:00,6.16,6.16,6.16,6.16,100
2021-07-07 07:00:00,5.93,6.16,5.93,6.16,5200
2021-07-08 07:00:00,6.16,6.16,6.1,6.1,5900
2021-07-09 07:00:00,5.93,6.16,5.93,6.16,700
2021-07-12 07:00:00,6.1,6.1,5.93,5.93,88100
2021-07-13 07:00:00,6.16,6.16,6.1,6.1,3150
2021-07-14 07:00:00,6.16,6.16,6.16,6.16,100
2021-07-15 07:00:00,5.99,6.16,5.99,6.05,18600
2021-07-16 07:00:00,6.16,6.33,6.05,6.22,40100
2021-07-19 07:00:00,6.61,6.61,6.1,6.27,2442
2021-07-20 07:00:00,6.61,6.61,6.5,6.5,2200
2021-07-21 07:00:00,6.61,6.61,6.1,6.33,4600
2021-07-22 07:00:00,6.5,6.5,6.05,6.33,4900
2021-07-23 07:00:00,6.44,6.44,6.16,6.27,800
2021-07-26 07:00:00,6.16,6.27,6.1,6.27,2300
2021-07-27 07:00:00,6.27,6.27,6.27,6.27,400
2021-07-28 07:00:00,6.33,6.33,6.22,6.22,1400
2021-07-29 07:00:00,6.22,6.27,6.22,6.27,1200
2021-07-30 07:00:00,6.33,6.33,6.16,6.27,500
2021-08-02 07:00:00,6.22,6.27,6.22,6.27,4200
2021-08-03 07:00:00,6.27,6.27,6.16,6.22,8200
2021-08-04 07:00:00,6.16,6.27,6.16,6.16,7300
2021-08-05 07:00:00,6.22,6.22,6.1,6.22,6200
2021-08-06 07:00:00,6.22,6.22,6.16,6.22,3800
2021-08-09 07:00:00,6.27,6.27,6.22,6.27,9300
2021-08-10 07:00:00,6.27,6.33,6.27,6.33,3000
2021-08-11 07:00:00,6.33,6.33,6.22,6.33,6300
2021-08-12 07:00:00,6.27,6.38,6.22,6.33,8500
2021-08-13 07:00:00,6.38,6.5,6.33,6.5,39800
2021-08-16 07:00:00,6.5,6.72,6.5,6.61,18601
2021-08-17 07:00:00,6.61,6.72,6.61,6.72,19300
2021-08-18 07:00:00,6.78,6.78,6.61,6.67,20400
2021-08-19 07:00:00,6.67,6.72,6.55,6.67,25100
2021-08-20 07:00:00,6.95,6.95,6.5,6.55,42608
2021-08-23 07:00:00,6.5,6.67,6.44,6.5,9500
2021-08-24 07:00:00,6.61,6.61,6.38,6.5,11841
2021-08-25 07:00:00,6.67,6.67,6.44,6.44,200
2021-08-26 07:00:00,6.67,6.67,6.38,6.5,3200
2021-08-27 07:00:00,6.67,6.67,6.44,6.44,4200
2021-08-30 07:00:00,6.61,6.61,6.38,6.55,7200
2021-08-31 07:00:00,6.67,6.67,6.44,6.55,14400
2021-09-01 07:00:00,6.55,6.67,6.55,6.67,3100
2021-09-06 07:00:00,6.72,6.95,6.61,6.95,36200
2021-09-07 07:00:00,6.84,6.95,6.78,6.95,2612
2021-09-08 07:00:00,6.78,6.95,6.55,6.67,92318
2021-09-09 07:00:00,6.67,6.84,6.67,6.84,3800
2021-09-10 07:00:00,6.84,6.84,6.72,6.78,8700
2021-09-13 07:00:00,6.78,6.89,6.78,6.78,29200
2021-09-14 07:00:00,6.84,7.06,6.78,6.95,72100
2021-09-15 07:00:00,7.06,7.23,7.06,7.18,66000
2021-09-16 07:00:00,7.23,7.23,7.12,7.18,49900
2021-09-17 07:00:00,7.12,7.18,7.06,7.12,35214
2021-09-20 07:00:00,7.18,7.18,7.06,7.12,50500
2021-09-21 07:00:00,7.18,7.23,7.06,7.23,70148
2021-09-22 07:00:00,7.29,7.63,7.29,7.63,94900
2021-09-23 07:00:00,7.74,7.74,7.46,7.57,46470
2021-09-24 07:00:00,7.46,7.46,7.06,7.4,53826
2021-09-27 07:00:00,7.18,7.34,7.06,7.29,26200
2021-09-28 07:00:00,7.12,7.29,7.06,7.29,30248
2021-09-29 07:00:00,7.12,7.29,7.01,7.12,49926
2021-09-30 07:00:00,7.18,7.23,7.01,7.18,52400
2021-10-01 07:00:00,7.29,7.29,7.01,7.18,25400
2021-10-04 07:00:00,7.18,7.23,7.01,7.18,14860
2021-10-05 07:00:00,7.18,7.23,7.18,7.23,15900
2021-10-06 07:00:00,7.34,7.34,7.23,7.29,23654
2021-10-07 07:00:00,7.4,7.46,7.34,7.46,5300
2021-10-08 07:00:00,7.46,7.46,7.12,7.34,45006
2021-10-11 07:00:00,7.34,7.34,7.18,7.34,57700
2021-10-12 07:00:00,7.12,7.34,7.12,7.18,11000
2021-10-13 07:00:00,7.23,7.52,7.23,7.34,101700
2021-10-14 07:00:00,7.46,7.63,7.12,7.18,104440
2021-10-15 07:00:00,7.34,7.34,7.06,7.12,20203
2021-10-18 07:00:00,7.23,7.23,6.55,6.89,112200
2021-10-19 07:00:00,6.89,6.89,6.61,6.84,61000
2021-10-20 07:00:00,6.78,7.01,6.78,7.01,1670
2021-10-21 07:00:00,6.67,6.89,6.61,6.89,7600
2021-10-22 07:00:00,6.78,7.06,6.78,7.06,9300
2021-10-25 07:00:00,6.84,7.12,6.84,7.01,9000
2021-10-26 07:00:00,7.01,7.06,6.95,7.06,17000
2021-10-27 07:00:00,6.89,7.01,6.78,6.95,17100
2021-10-28 07:00:00,6.95,7.01,6.95,7.01,9100
2021-10-29 07:00:00,6.95,7.34,6.95,7.18,18900
2021-11-01 07:00:00,7.29,7.29,7.18,7.23,17100
2021-11-02 07:00:00,7.29,7.29,7.12,7.12,22000
2021-11-03 07:00:00,7.18,7.8,7.18,7.8,443386
2021-11-04 07:00:00,8.02,8.48,7.8,7.8,62272
2021-11-05 07:00:00,7.8,7.91,7.46,7.63,11300
2021-11-08 07:00:00,7.57,7.57,7.29,7.4,178800
2021-11-09 07:00:00,7.46,7.74,7.46,7.63,44206
2021-11-10 07:00:00,7.91,7.91,7.52,7.68,31500
2021-11-11 07:00:00,7.57,7.74,7.57,7.68,68200
2021-11-12 07:00:00,7.8,8.02,7.68,7.91,38700
2021-11-15 07:00:00,7.91,7.91,7.68,7.91,70800
2021-11-16 07:00:00,7.91,8.48,7.85,8.02,137365
2021-11-17 07:00:00,8.08,8.14,8.02,8.14,44969
2021-11-18 07:00:00,8.08,8.93,7.74,8.93,344400
2021-11-19 07:00:00,9.04,9.78,9.04,9.78,339700
2021-11-22 07:00:00,10.45,10.74,9.32,9.94,140500
2021-11-23 07:00:00,9.6,9.6,8.98,8.98,206800
2021-11-24 07:00:00,9.04,9.1,8.7,8.87,166501
2021-11-25 07:00:00,8.87,9.72,8.87,9.38,227430
2021-11-26 07:00:00,9.49,9.49,8.87,8.98,302040
2021-11-29 07:00:00,8.93,9.32,8.76,9.27,359890
2021-11-30 07:00:00,9.21,9.72,9.1,9.1,206300
2021-12-01 07:00:00,9.15,9.21,9.04,9.04,98300
2021-12-02 07:00:00,9.04,9.27,9.04,9.1,126700
2021-12-03 07:00:00,9.1,9.1,8.81,8.93,199500
2021-12-06 07:00:00,8.93,9.04,8.7,8.81,134300
2021-12-07 07:00:00,8.81,8.81,8.59,8.81,98600
2021-12-08 07:00:00,8.81,9.04,8.76,8.87,59600
2021-12-09 07:00:00,9.18,9.18,8.01,8.56,62400
2021-12-10 07:00:00,8.56,8.56,8.14,8.2,104200
2021-12-13 07:00:00,8.2,8.99,8.01,8.93,200690
2021-12-14 07:00:00,8.99,8.99,8.63,8.81,56400
2021-12-15 07:00:00,8.56,8.81,8.56,8.63,75197
2021-12-16 07:00:00,8.63,9.42,8.63,9.05,137413
2021-12-17 07:00:00,9.05,9.18,8.87,9.05,87036
2021-12-20 07:00:00,9.05,9.3,8.87,9.05,68300
2021-12-21 07:00:00,9.05,9.05,8.69,8.75,47400
2021-12-22 07:00:00,8.81,8.87,8.07,8.32,91975
2021-12-23 07:00:00,8.56,8.56,8.01,8.07,127700
2021-12-24 07:00:00,8.07,8.2,7.95,8.07,122001
2021-12-27 07:00:00,7.95,8.14,7.95,8.07,47100
2021-12-28 07:00:00,8.2,8.56,8.07,8.14,59200
2021-12-29 07:00:00,8.07,8.14,7.95,8.14,60300
2021-12-30 07:00:00,8.26,8.26,8.01,8.14,32700
2021-12-31 07:00:00,8.14,8.14,7.95,8.07,31400
2022-01-04 07:00:00,8.07,8.26,8.01,8.14,79900
2022-01-05 07:00:00,8.14,8.44,8.14,8.32,79600
2022-01-06 07:00:00,8.26,8.81,8.14,8.69,134600
2022-01-07 07:00:00,8.69,8.81,8.44,8.81,91200
2022-01-10 07:00:00,8.87,9.3,8.69,8.87,105500
2022-01-11 07:00:00,8.32,8.63,8.26,8.63,43700
2022-01-12 07:00:00,8.26,8.63,7.83,8.44,74700
2022-01-13 07:00:00,8.44,8.44,7.83,7.95,81300
2022-01-14 07:00:00,7.71,8.07,7.71,7.95,41600
2022-01-17 07:00:00,7.89,7.95,7.52,7.59,26300
2022-01-18 07:00:00,7.4,7.71,7.34,7.59,35200
2022-01-19 07:00:00,7.59,7.65,7.46,7.65,12100
2022-01-20 07:00:00,7.52,7.95,7.46,7.95,7900
2022-01-21 07:00:00,8.26,8.26,7.52,8.01,26000
2022-01-24 07:00:00,7.71,7.95,7.34,7.34,59300
2022-01-25 07:00:00,7.52,7.59,7.34,7.52,36400
2022-01-26 07:00:00,7.4,7.52,7.4,7.4,9900
2022-01-27 07:00:00,7.46,7.46,7.22,7.46,45800
2022-01-28 07:00:00,7.65,7.65,7.4,7.52,29700
2022-02-07 07:00:00,7.65,7.83,7.65,7.83,10300
2022-02-08 07:00:00,7.83,7.95,7.77,7.95,13900
2022-02-09 07:00:00,7.95,7.95,7.71,7.83,24261
2022-02-10 07:00:00,7.83,7.83,7.65,7.65,19800
2022-02-11 07:00:00,7.65,7.77,7.65,7.77,23900
2022-02-14 07:00:00,7.71,7.71,7.59,7.59,27600
2022-02-15 07:00:00,7.59,7.95,7.46,7.89,121100
2022-02-16 07:00:00,8.07,8.2,8.01,8.14,55959
2022-02-17 07:00:00,8.07,8.32,8.07,8.32,53500
2022-02-18 07:00:00,8.26,8.69,8.07,8.56,126800
2022-02-21 07:00:00,8.81,8.81,8.38,8.5,65200
2022-02-22 07:00:00,8.32,8.44,8.07,8.32,69000
2022-02-23 07:00:00,8.26,8.32,8.2,8.32,20960
2022-02-24 07:00:00,8.26,8.32,7.89,8.14,93700
2022-02-25 07:00:00,8.14,8.2,7.95,8.2,11900
2022-02-28 07:00:00,8.2,8.2,8.01,8.14,23900
2022-03-01 07:00:00,8.14,8.2,7.95,8.2,29000
2022-03-02 07:00:00,8.01,8.26,8.01,8.14,18300
2022-03-03 07:00:00,8.01,8.14,7.95,8.07,112400
2022-03-04 07:00:00,8.07,8.26,7.95,8.26,33200
2022-03-07 07:00:00,8.26,8.26,7.95,8.2,38593
2022-03-08 07:00:00,8.2,8.2,7.95,8.07,45000
2022-03-09 07:00:00,8.07,8.14,7.95,8.14,41900
2022-03-10 07:00:00,8.01,8.63,8.01,8.44,113677
2022-03-11 07:00:00,8.44,8.87,8.44,8.87,210800
2022-03-14 07:00:00,9.24,9.24,8.75,8.99,100720
2022-03-15 07:00:00,8.93,8.99,8.63,8.87,119133
2022-03-16 07:00:00,8.87,8.99,8.87,8.93,61885
2022-03-17 07:00:00,8.93,9.18,8.93,8.99,43856
2022-03-18 07:00:00,8.87,8.99,8.75,8.87,52729
2022-03-21 07:00:00,8.81,9.12,8.81,9.05,100901
2022-03-22 07:00:00,8.99,9.73,8.99,9.6,233251
2022-03-23 07:00:00,9.6,9.73,9.48,9.54,67000
2022-03-24 07:00:00,9.67,9.67,9.42,9.48,49500
2022-03-25 07:00:00,9.67,9.67,9.18,9.36,57200
2022-03-28 07:00:00,9.48,9.54,9.36,9.36,138700
2022-03-29 07:00:00,9.36,9.67,9.36,9.67,120900
2022-03-30 07:00:00,9.67,9.91,9.54,9.73,133800
2022-03-31 07:00:00,9.73,9.85,9.54,9.85,104901
2022-04-01 07:00:00,9.67,9.79,9.48,9.79,20795
2022-04-04 07:00:00,9.79,10.28,9.79,9.97,41311
2022-04-05 07:00:00,9.97,10.03,9.85,10.03,36300
2022-04-06 07:00:00,9.79,10.03,9.73,9.85,35700
2022-04-07 07:00:00,9.79,9.97,9.67,9.91,94600
2022-04-08 07:00:00,9.85,10.03,9.85,9.97,64200
2022-04-12 07:00:00,10.28,10.28,9.79,9.97,60231
2022-04-13 07:00:00,9.91,9.97,9.79,9.85,23116
2022-04-14 07:00:00,9.67,9.91,9.67,9.85,26175
2022-04-15 07:00:00,9.79,10.83,9.79,10.58,170200
2022-04-18 07:00:00,10.58,10.83,10.34,10.64,51587
2022-04-19 07:00:00,10.64,10.89,10.52,10.58,64600
2022-04-20 07:00:00,10.46,10.46,9.54,10.09,101200
2022-04-21 07:00:00,9.67,9.79,9.18,9.3,72700
2022-04-22 07:00:00,9.79,10.09,9.42,9.97,79500
2022-04-25 07:00:00,9.97,10.28,9.42,9.67,88400
2022-04-26 07:00:00,9.67,10.4,9.67,10.34,57950
2022-04-27 07:00:00,10.28,10.4,10.28,10.4,10900
2022-04-28 07:00:00,10.4,10.58,10.4,10.52,64500
2022-04-29 07:00:00,10.52,11.26,10.52,11.07,92800
2022-05-04 07:00:00,11.01,11.32,10.71,11.01,129212
2022-05-05 07:00:00,11.01,11.32,11.01,11.01,80600
2022-05-06 07:00:00,11.01,11.07,10.77,10.77,7441
2022-05-09 07:00:00,10.64,10.64,9.73,9.73,52900
2022-05-10 07:00:00,9.67,9.79,9.42,9.79,13400
2022-05-11 07:00:00,9.79,10.64,9.6,10.09,5400
2022-05-12 07:00:00,9.67,9.67,9.3,9.3,7800
2022-05-13 07:00:00,9.3,9.91,8.5,9.18,10600
2022-05-16 07:00:00,9.18,9.6,9.12,9.18,17300
2022-05-17 07:00:00,8.63,9.73,8.63,9.73,10400
2022-05-18 07:00:00,9.73,9.73,9.05,9.12,16800
2022-05-19 07:00:00,8.81,9.3,8.81,9.24,13800
2022-05-20 07:00:00,10.09,10.09,9.42,9.54,6000
2022-05-23 07:00:00,9.54,9.97,9.54,9.54,21600
2022-05-24 07:00:00,9.48,9.6,9.36,9.6,5200
2022-05-25 07:00:00,9.67,9.91,9.6,9.91,14300
2022-05-26 07:00:00,9.6,9.73,9.6,9.73,7300
2022-05-27 07:00:00,9.73,9.73,9.54,9.6,9100
2022-05-30 07:00:00,9.6,9.79,9.6,9.79,13600
2022-05-31 07:00:00,9.36,9.67,9.36,9.67,800
2022-06-01 07:00:00,9.67,9.73,9.42,9.73,20341
2022-06-02 07:00:00,9.3,9.6,9.18,9.6,12700
2022-06-03 07:00:00,9.48,9.54,9.48,9.48,9400
2022-06-06 07:00:00,9.6,9.85,9.36,9.73,25700
2022-06-07 07:00:00,9.67,9.67,9.18,9.42,8073
2022-06-08 07:00:00,9.42,9.48,9.3,9.48,27500
2022-06-09 07:00:00,9.79,10.09,9.3,9.6,21300
2022-06-10 07:00:00,9.48,9.54,9.48,9.54,6700
2022-06-13 07:00:00,9.24,9.48,9.18,9.48,6300
2022-06-14 07:00:00,8.56,9.48,8.56,9.24,5000
2022-06-15 07:00:00,9.18,9.24,8.75,8.99,10000
2022-06-16 07:00:00,9.36,9.36,9.05,9.24,5700
2022-06-17 07:00:00,9.18,9.18,9.18,9.18,832
2022-06-20 07:00:00,8.69,9.12,8.69,9.12,300
2022-06-21 07:00:00,8.26,9.12,8.26,9.12,2135
2022-06-22 07:00:00,8.26,9.73,8.26,9.05,3959
2022-06-23 07:00:00,8.2,9.42,8.2,8.81,6400
2022-06-24 07:00:00,8.56,8.99,8.56,8.87,16300
2022-06-27 07:00:00,8.69,8.87,8.69,8.87,2100
2022-06-28 07:00:00,8.69,8.99,8.69,8.93,11000
2022-06-29 07:00:00,8.87,9.12,8.87,9.12,13900
2022-06-30 07:00:00,8.63,9.12,8.63,9.12,700
2022-07-01 07:00:00,8.69,9.12,8.56,9.12,8050
2022-07-04 07:00:00,8.26,8.87,8.26,8.87,22201
2022-07-05 07:00:00,8.87,8.87,8.87,8.87,800
2022-07-07 07:00:00,8.01,8.81,8.01,8.81,2700
2022-07-08 07:00:00,7.95,8.93,7.95,8.93,9600
2022-07-11 07:00:00,8.26,8.81,8.26,8.32,2000
2022-07-12 07:00:00,8.56,8.75,8.56,8.75,900
2022-07-13 07:00:00,8.99,8.99,8.69,8.87,1200
2022-07-14 07:00:00,8.26,8.87,8.26,8.81,436
2022-07-15 07:00:00,8.69,8.81,8.69,8.69,1900
2022-07-18 07:00:00,8.87,8.93,8.69,8.69,3900
2022-07-19 07:00:00,8.44,8.93,8.44,8.93,602
2022-07-20 07:00:00,8.81,8.81,8.81,8.81,300
2022-07-22 07:00:00,8.01,8.93,8.01,8.93,5600
2022-07-25 07:00:00,8.14,9.12,8.14,9.12,4900
2022-07-26 07:00:00,8.32,9.12,8.32,9.12,610
2022-07-27 07:00:00,8.38,8.99,8.38,8.99,838
2022-07-28 07:00:00,8.26,9.18,8.26,9.18,300
2022-07-29 07:00:00,8.44,9.05,8.44,9.05,3210
2022-08-01 07:00:00,8.87,9.18,8.87,9.12,12500
2022-08-03 07:00:00,8.38,9.24,8.38,9.24,300
2022-08-04 07:00:00,8.5,9.24,8.5,9.24,1200
2022-08-05 07:00:00,9.18,10.09,9.18,9.73,41500
2022-08-08 07:00:00,9.67,10.15,9.67,10.03,28100
2022-08-09 07:00:00,9.97,10.09,9.79,10.09,400
2022-08-10 07:00:00,10.03,10.09,9.97,9.97,3800
2022-08-11 07:00:00,9.97,9.97,9.85,9.85,11610
2022-08-12 07:00:00,9.85,9.97,9.85,9.97,200
2022-08-15 07:00:00,9.91,9.91,9.48,9.48,3210
2022-08-16 07:00:00,9.42,9.79,9.42,9.79,15200
2022-08-17 07:00:00,9.54,9.79,9.54,9.79,300
2022-08-22 07:00:00,9.48,9.48,9.24,9.24,6300
2022-08-23 07:00:00,9.36,9.91,9.36,9.91,600
2022-08-24 07:00:00,9.12,9.85,9.12,9.85,1600
2022-08-25 07:00:00,8.93,9.48,8.93,9.48,5600
2022-08-26 07:00:00,9.3,9.79,9.3,9.79,600
2022-08-29 07:00:00,9.18,9.3,9.18,9.24,2400
2022-08-30 07:00:00,9.18,9.6,9.18,9.6,2100
2022-08-31 07:00:00,9.05,9.42,9.05,9.42,3200
2022-09-06 07:00:00,8.69,9.36,8.69,9.24,3300
2022-09-07 07:00:00,9.05,9.05,9.05,9.05,3300
2022-09-08 07:00:00,9.18,9.18,9.18,9.18,1000
2022-09-09 07:00:00,9.18,9.24,9.18,9.24,1000
2022-09-12 07:00:00,9.24,9.3,9.24,9.3,18501
2022-09-13 07:00:00,9.24,9.3,9.24,9.24,4896
2022-09-14 07:00:00,9.05,9.3,9.05,9.3,3504
2022-09-15 07:00:00,9.24,9.24,9.24,9.24,600
2022-09-16 07:00:00,8.99,9.24,8.99,9.24,9803
2022-09-19 07:00:00,9.18,9.24,9.18,9.18,18300
2022-09-20 07:00:00,9.97,10.09,9.73,9.73,51500
2022-09-21 07:00:00,10.34,10.34,9.73,9.73,6059
2022-09-22 07:00:00,9.48,9.73,9.36,9.73,4100
2022-09-23 07:00:00,9.79,10.03,9.73,10.03,4200
2022-09-26 07:00:00,9.79,9.79,9.67,9.73,2200
2022-09-28 07:00:00,9.73,9.73,9.67,9.67,2916
2022-09-29 07:00:00,9.6,10.06,9.54,10.06,11574
2022-09-30 07:00:00,9.21,10.25,9.21,10.25,3100
2022-10-03 07:00:00,9.34,10.19,9.34,10.19,3200
2022-10-04 07:00:00,9.34,10.12,9.34,9.4,6400
2022-10-05 07:00:00,9.4,9.73,9.4,9.73,200
2022-10-06 07:00:00,8.88,9.47,8.88,9.47,1300
2022-10-07 07:00:00,8.56,9.34,8.56,9.34,4800
2022-10-10 07:00:00,8.69,9.14,8.69,9.14,700
2022-10-11 07:00:00,8.62,9.14,8.62,9.01,6400
2022-10-12 07:00:00,8.56,8.82,8.56,8.82,8100
2022-10-13 07:00:00,7.97,8.75,7.97,8.69,5850
2022-10-14 07:00:00,8.36,9.27,8.36,8.49,6342
2022-10-17 07:00:00,9.14,9.14,9.14,9.14,100
2022-10-18 07:00:00,9.14,9.6,9.14,9.6,200
2022-10-19 07:00:00,8.82,9.01,8.82,9.01,7000
2022-10-21 07:00:00,9.8,9.8,8.49,9.47,8200
2022-10-24 07:00:00,8.69,9.21,8.56,9.21,13342
2022-10-25 07:00:00,8.29,8.95,8.29,8.88,4900
2022-10-26 07:00:00,8.88,8.88,8.88,8.88,2000
2022-10-27 07:00:00,8.16,8.95,8.16,8.95,3310
2022-10-28 07:00:00,8.69,8.95,8.69,8.95,1200
2022-10-31 07:00:00,8.95,8.95,8.49,8.49,400
2022-11-01 07:00:00,8.1,8.49,8.1,8.49,2536
2022-11-02 07:00:00,8.49,8.82,8.49,8.82,3900
2022-11-03 07:00:00,9.01,9.01,9.01,9.01,100
2022-11-04 07:00:00,9.01,9.01,9.01,9.01,36
2022-11-07 07:00:00,8.23,8.49,8.23,8.49,2800
2022-11-09 07:00:00,8.49,8.49,8.49,8.49,100
2022-11-11 07:00:00,7.64,9.27,7.64,9.27,500
2022-11-14 07:00:00,8.36,8.36,8.36,8.36,6100
2022-11-15 07:00:00,7.58,7.58,7.58,7.58,45700
2022-11-16 07:00:00,6.86,7.84,6.86,7.84,15900
2022-11-17 07:00:00,7.84,7.84,7.84,7.84,2000
2022-11-18 07:00:00,7.05,7.9,7.05,7.9,300
2022-11-21 07:00:00,7.18,7.9,7.18,7.9,400
2022-11-22 07:00:00,7.18,7.84,7.18,7.84,700
2022-11-23 07:00:00,7.18,7.44,7.18,7.44,1900
2022-11-24 07:00:00,6.99,6.99,6.99,6.99,1934
2022-11-25 07:00:00,7.25,7.25,7.25,7.25,100
2022-11-28 07:00:00,7.44,7.71,7.44,7.71,2600
2022-11-29 07:00:00,7.77,7.9,7.38,7.51,900
2022-11-30 07:00:00,7.58,8.23,7.58,8.23,5200
2022-12-02 07:00:00,7.44,8.16,7.44,8.16,200
2022-12-05 07:00:00,7.44,8.23,7.44,8.23,200
2022-12-06 07:00:00,7.71,7.71,7.71,7.71,1900
2022-12-07 07:00:00,6.99,7.58,6.99,7.58,700
2022-12-08 07:00:00,8.29,8.29,7.84,7.84,308
2022-12-09 07:00:00,7.05,8.16,7.05,8.1,4500
2022-12-12 07:00:00,8.1,8.1,7.97,7.97,1600
2022-12-13 07:00:00,7.84,7.9,7.84,7.9,626
2022-12-15 07:00:00,7.84,7.84,7.84,7.84,300
2022-12-16 07:00:00,7.71,7.9,7.71,7.9,1600
2022-12-26 07:00:00,7.9,7.9,7.9,7.9,800
2022-12-27 07:00:00,7.51,7.84,7.51,7.84,700
2022-12-29 07:00:00,7.84,7.84,7.84,7.84,400
2023-01-03 07:00:00,7.51,7.84,7.51,7.84,2950
2023-01-04 07:00:00,8.03,8.03,8.03,8.03,100
2023-01-05 07:00:00,8.16,8.16,8.16,8.16,100
2023-01-06 07:00:00,7.58,8.23,7.58,8.23,3500
2023-01-09 07:00:00,7.84,8.29,7.84,8.29,13400
2023-01-13 07:00:00,9.01,9.01,9.01,9.01,100
2023-01-17 07:00:00,9.01,9.01,9.01,9.01,20
2023-01-30 07:00:00,8.82,9.01,8.82,9.01,29400
2023-01-31 07:00:00,8.36,8.36,8.23,8.23,2000
2023-02-01 07:00:00,8.82,8.82,8.82,8.82,200
2023-02-02 07:00:00,8.49,8.49,8.03,8.49,400
2023-02-03 07:00:00,8.49,8.49,8.49,8.49,1300
2023-02-06 07:00:00,8.16,8.16,8.16,8.16,300
2023-02-07 07:00:00,8.16,8.16,8.1,8.1,600
2023-02-09 07:00:00,7.9,8.03,7.9,8.03,1900
2023-02-10 07:00:00,7.97,7.97,7.97,7.97,1500
2023-02-13 07:00:00,7.9,7.9,7.9,7.9,1600
2023-02-15 07:00:00,7.9,7.9,7.9,7.9,700
2023-02-16 07:00:00,7.97,7.97,7.97,7.97,200
2023-02-17 07:00:00,7.97,8.03,7.97,8.03,2200
2023-02-20 07:00:00,7.84,8.03,7.84,8.03,2100
2023-02-21 07:00:00,7.9,8.23,7.84,8.23,3100
2023-02-24 07:00:00,7.44,8.16,7.44,8.16,700
2023-02-27 07:00:00,7.51,8.16,7.38,8.16,4400
2023-02-28 07:00:00,8.16,8.16,8.16,8.16,100
2023-03-01 07:00:00,7.51,8.16,7.51,8.16,400
2023-03-03 07:00:00,7.58,7.97,7.51,7.97,4900
2023-03-06 07:00:00,7.58,7.84,7.58,7.84,300
2023-03-07 07:00:00,7.84,7.84,7.84,7.84,100
2023-03-08 07:00:00,7.77,7.84,7.77,7.84,200
2023-03-10 07:00:00,7.84,7.97,7.84,7.97,300
2023-03-13 07:00:00,7.84,8.03,7.84,8.03,600
2023-03-15 07:00:00,7.84,7.84,7.84,7.84,100
2023-03-16 07:00:00,8.16,8.16,8.16,8.16,100
2023-03-17 07:00:00,7.38,7.97,7.38,7.97,200
2023-03-20 07:00:00,7.32,8.1,7.18,8.1,300
2023-03-22 07:00:00,8.03,8.03,8.03,8.03,200
2023-03-24 07:00:00,7.71,8.03,7.71,8.03,300
2023-03-27 07:00:00,8.03,8.03,8.03,8.03,16
2023-03-31 07:00:00,7.32,8.03,7.32,8.03,200
2023-04-03 07:00:00,7.58,8.03,7.58,8.03,1100
2023-04-05 07:00:00,7.64,7.64,7.64,7.64,9600
2023-04-06 07:00:00,7.84,7.84,7.84,7.84,100
2023-04-07 07:00:00,7.84,7.84,7.84,7.84,9
2023-04-10 07:00:00,7.51,7.51,7.25,7.25,14613
2023-04-11 07:00:00,7.38,7.71,6.66,7.71,1121
2023-04-13 07:00:00,7.71,7.77,7.71,7.77,700
2023-04-14 07:00:00,7.38,7.38,7.38,7.38,200
2023-04-17 07:00:00,7.64,7.64,6.86,7.38,20900
2023-04-18 07:00:00,7.38,7.64,7.38,7.64,900
2023-04-19 07:00:00,7.71,7.71,7.71,7.71,129
2023-04-20 07:00:00,7.18,7.64,7.18,7.64,1041
2023-04-21 07:00:00,7.51,7.64,7.44,7.44,800
2023-04-24 07:00:00,7.58,7.58,7.58,7.58,100
2023-04-25 07:00:00,7.25,7.51,7.25,7.51,5300
2023-04-26 07:00:00,7.12,7.51,7.12,7.51,400
2023-04-27 07:00:00,7.64,7.64,7.64,7.64,100
2023-04-28 07:00:00,7.64,7.64,7.64,7.64,3
2023-05-04 07:00:00,7.18,7.71,6.92,7.71,4000
2023-05-05 07:00:00,7.51,7.71,7.51,7.71,4701
2023-05-08 07:00:00,7.71,7.71,7.18,7.64,6200
2023-05-09 07:00:00,7.38,7.64,7.18,7.64,1000
2023-05-11 07:00:00,7.05,7.58,7.05,7.58,400
2023-05-12 07:00:00,7.18,7.58,7.18,7.58,2700
2023-05-15 07:00:00,7.25,7.58,7.25,7.58,500
2023-05-16 07:00:00,7.32,7.58,7.05,7.58,2300
2023-05-18 07:00:00,7.18,7.18,7.18,7.18,100
2023-05-19 07:00:00,7.44,7.71,7.18,7.18,500
2023-05-22 07:00:00,7.51,7.71,7.51,7.64,6900
2023-05-25 07:00:00,7.64,7.64,7.64,7.64,210
2023-05-26 07:00:00,7.25,7.25,7.25,7.25,100
2023-05-29 07:00:00,7.64,7.64,7.64,7.64,309
2023-05-30 07:00:00,7.25,7.64,6.99,7.64,1700
2023-06-06 07:00:00,7.58,7.64,7.38,7.38,1000
2023-06-07 07:00:00,7.58,7.58,7.18,7.25,6400
2023-06-08 07:00:00,7.25,7.51,7.25,7.51,600
2023-06-09 07:00:00,7.51,7.71,7.51,7.71,1400
2023-06-12 07:00:00,7.71,7.77,7.71,7.71,2600
2023-06-13 07:00:00,7.51,7.51,7.51,7.51,12700
2023-06-14 07:00:00,7.84,7.84,7.38,7.38,1600
2023-06-15 07:00:00,7.38,7.84,7.38,7.84,1300
2023-06-16 07:00:00,7.84,7.84,7.51,7.84,23100
2023-06-19 07:00:00,7.97,7.97,7.97,7.97,100
2023-06-20 07:00:00,7.9,7.97,7.71,7.71,3700
2023-06-21 07:00:00,7.58,7.84,7.58,7.84,700
2023-06-22 07:00:00,8.03,8.03,8.03,8.03,500
2023-06-23 07:00:00,8.03,8.03,7.64,7.84,3900
2023-06-26 07:00:00,7.84,7.84,7.84,7.84,6000
2023-06-28 07:00:00,7.84,7.84,7.84,7.84,1400
2023-06-30 07:00:00,7.84,8.03,7.84,7.97,6800
2023-07-03 07:00:00,7.58,7.97,7.58,7.97,400
2023-07-04 07:00:00,7.97,8.03,7.97,8.03,3255
2023-07-05 07:00:00,7.58,7.9,7.38,7.84,12550
2023-07-06 07:00:00,7.84,7.84,7.84,7.84,100
2023-07-07 07:00:00,7.51,7.58,7.38,7.38,3400
2023-07-10 07:00:00,7.58,8.1,7.44,8.1,3101
2023-07-11 07:00:00,7.84,7.84,7.84,7.84,2050
2023-07-13 07:00:00,7.71,7.84,7.71,7.84,1200
2023-07-14 07:00:00,7.84,7.84,7.84,7.84,10
2023-07-17 07:00:00,7.84,7.84,7.84,7.84,1400
2023-07-19 07:00:00,7.71,7.84,7.71,7.84,3145
2023-07-20 07:00:00,7.71,7.9,7.71,7.9,3800
2023-07-24 07:00:00,7.9,7.9,7.71,7.9,2800
2023-07-25 07:00:00,7.77,7.9,7.77,7.9,18400
2023-07-26 07:00:00,7.9,8.1,7.84,7.84,5501
2023-07-27 07:00:00,8.1,8.1,7.84,8.1,5701
2023-07-28 07:00:00,8.1,8.43,8.1,8.43,5000
2023-07-31 07:00:00,8.1,8.62,8.1,8.62,2200
2023-08-01 07:00:00,8.23,8.62,8.23,8.62,1200
2023-08-03 07:00:00,8.16,8.23,8.16,8.23,6300
2023-08-04 07:00:00,8.23,8.23,8.16,8.23,9001
2023-08-07 07:00:00,8.29,8.29,8.29,8.29,101
2023-08-09 07:00:00,8.29,8.29,7.97,8.29,4600
2023-08-11 07:00:00,8.23,8.23,8.03,8.03,7700
2023-08-15 07:00:00,7.71,8.1,7.71,8.1,10100
2023-08-16 07:00:00,8.36,8.36,8.36,8.36,100
2023-08-17 07:00:00,7.9,8.23,7.9,8.23,800
2023-08-21 07:00:00,7.84,8.1,7.84,7.84,1600
2023-08-22 07:00:00,7.84,7.84,7.84,7.84,300
2023-08-23 07:00:00,7.9,7.9,7.77,7.77,6300
2023-08-24 07:00:00,8.23,8.23,8.23,8.23,100
2023-08-25 07:00:00,7.77,7.97,7.77,7.97,500
2023-08-28 07:00:00,8.03,8.36,8.03,8.36,10500
2023-08-29 07:00:00,8.16,8.16,8.03,8.03,1000
2023-08-30 07:00:00,8.16,8.16,8.03,8.03,1550
2023-08-31 07:00:00,8.16,8.36,7.84,8.36,5700
2023-09-05 07:00:00,8.36,8.36,8.36,8.36,49
2023-09-07 07:00:00,8.03,8.29,8.03,8.29,200
2023-09-11 07:00:00,8.29,8.29,8.29,8.29,1
2023-09-13 07:00:00,8.23,8.23,8.16,8.16,1200
2023-09-14 07:00:00,8.16,8.16,8.16,8.16,200
2023-09-20 07:00:00,8.1,8.1,8.1,8.1,1085
2023-09-21 07:00:00,8.1,8.1,7.77,8.03,5101
2023-09-22 07:00:00,7.77,7.77,7.51,7.51,37500
2023-09-25 07:00:00,7.51,7.77,7.51,7.77,2700
2023-09-26 07:00:00,7.77,7.77,7.18,7.51,13900
2023-09-27 07:00:00,7.32,7.32,7.32,7.32,500
2023-09-28 07:00:00,7.44,7.44,7.44,7.44,100
2023-09-29 07:00:00,7.18,7.44,7.18,7.44,4907
2023-10-02 07:00:00,7.25,7.64,7.25,7.64,1600
2023-10-03 07:00:00,7.44,7.44,7.44,7.44,1507
2023-10-04 07:00:00,7.38,7.44,7.38,7.38,30700
2023-10-05 07:00:00,7.38,7.38,7.38,7.38,8100
2023-10-06 07:00:00,7.18,7.18,7.18,7.18,11000
2023-10-09 07:00:00,7.38,7.38,7.38,7.38,5700
2023-10-10 07:00:00,7.44,7.44,7.44,7.44,17500
2023-10-11 07:00:00,7.44,7.71,7.44,7.71,1200
2023-10-12 07:00:00,7.58,7.64,7.44,7.64,13600
2023-10-13 07:00:00,7.58,7.58,7.51,7.51,7500
2023-10-16 07:00:00,7.64,7.64,7.64,7.64,1500
2023-10-18 07:00:00,7.64,7.71,7.32,7.71,5300
2023-10-19 07:00:00,7.64,7.71,7.51,7.51,10201
2023-10-20 07:00:00,8.03,8.03,8.03,8.03,201
2023-10-24 07:00:00,7.44,7.64,7.44,7.64,500
2023-10-25 07:00:00,7.64,7.64,7.58,7.58,5000
2023-10-26 07:00:00,7.51,7.51,7.38,7.38,6300
2023-10-27 07:00:00,7.51,7.51,7.51,7.51,1100
2023-10-31 07:00:00,7.18,7.25,7.18,7.25,5600
2023-11-01 07:00:00,7.18,7.32,7.18,7.32,16900
2023-11-02 07:00:00,7.32,7.51,7.32,7.44,7400
2023-11-03 07:00:00,7.51,7.51,7.44,7.51,15300
2023-11-06 07:00:00,7.51,7.51,7.51,7.51,9710
2023-11-07 07:00:00,7.38,7.38,7.38,7.38,238
2023-11-08 07:00:00,7.64,7.64,7.64,7.64,3000
2023-11-09 07:00:00,7.64,7.64,7.64,7.64,42
2023-11-10 07:00:00,7.64,7.64,7.64,7.64,2000
2023-11-15 07:00:00,7.9,7.9,7.64,7.84,24900
2023-11-16 07:00:00,7.84,7.84,7.84,7.84,7700
2023-11-17 07:00:00,7.84,7.84,7.71,7.71,2606
2023-11-20 07:00:00,7.51,7.77,7.51,7.64,38100
2023-11-21 07:00:00,8.1,8.1,7.84,7.84,9701
2023-11-22 07:00:00,7.84,7.84,7.84,7.84,20900
2023-11-23 07:00:00,7.84,7.9,7.77,7.77,15800
2023-11-24 07:00:00,7.84,7.84,7.71,7.84,7000
2023-11-27 07:00:00,7.84,7.84,7.38,7.71,96500
2023-11-28 07:00:00,7.92,7.92,7.56,7.85,5100
2023-11-29 07:00:00,7.64,7.64,7.35,7.42,47050
2023-11-30 07:00:00,7.49,7.49,7.35,7.42,9700
2023-12-01 07:00:00,7.49,7.49,7.42,7.49,10201
2023-12-04 07:00:00,7.49,7.49,7.49,7.49,11809
2023-12-05 07:00:00,7.49,7.56,7.49,7.49,14100
2023-12-06 07:00:00,7.56,7.56,7.56,7.56,1657
2023-12-07 07:00:00,7.71,8.21,7.49,7.49,17541
2023-12-11 07:00:00,7.49,7.56,7.49,7.49,7150
2023-12-12 07:00:00,7.71,7.71,7.49,7.49,16606
2023-12-13 07:00:00,7.56,7.56,7.42,7.49,20301
2023-12-14 07:00:00,7.56,7.56,7.56,7.56,500
2023-12-15 07:00:00,7.56,7.56,7.56,7.56,1000
2023-12-18 07:00:00,7.56,7.56,7.49,7.49,2200
2023-12-19 07:00:00,7.49,7.56,7.49,7.49,3100
2023-12-20 07:00:00,7.56,7.64,7.49,7.64,10200
2023-12-21 07:00:00,7.64,7.64,7.56,7.56,5400
2023-12-22 07:00:00,7.56,7.56,7.42,7.42,21900
2023-12-25 07:00:00,7.56,7.56,7.56,7.56,100
2023-12-26 07:00:00,7.56,7.56,7.49,7.49,10400
2023-12-27 07:00:00,7.49,7.49,7.49,7.49,12800
2023-12-28 07:00:00,7.56,7.56,7.42,7.42,200
2023-12-29 07:00:00,7.49,7.49,7.49,7.49,100
2024-01-02 07:00:00,7.49,7.49,7.49,7.49,41
2024-01-03 07:00:00,7.49,7.49,7.42,7.49,8100
2024-01-04 07:00:00,7.49,7.56,7.35,7.35,42102
2024-01-05 07:00:00,7.42,7.42,7.42,7.42,6700
2024-01-08 07:00:00,7.42,7.49,7.35,7.42,16807
2024-01-09 07:00:00,7.35,7.42,7.35,7.42,2229
2024-01-10 07:00:00,7.42,7.42,7.42,7.42,654
2024-01-11 07:00:00,7.49,7.56,7.42,7.49,37300
2024-01-12 07:00:00,7.49,7.49,7.49,7.49,24100
2024-01-15 07:00:00,7.56,7.56,7.49,7.49,5910
2024-01-16 07:00:00,7.49,7.92,7.49,7.92,4000
2024-01-17 07:00:00,7.64,7.64,7.64,7.64,100
2024-01-18 07:00:00,7.71,7.71,7.71,7.71,10800
2024-01-19 07:00:00,7.71,7.71,7.64,7.71,12900
2024-01-22 07:00:00,7.71,7.71,7.64,7.71,21000
2024-01-23 07:00:00,7.85,7.85,7.85,7.85,100
2024-01-25 07:00:00,7.64,7.64,7.64,7.64,104
2024-01-26 07:00:00,7.64,7.64,7.64,7.64,5000
2024-01-29 07:00:00,7.64,7.78,7.56,7.78,17200
2024-01-30 07:00:00,7.78,7.78,7.64,7.64,5300
2024-01-31 07:00:00,7.64,7.64,7.64,7.64,100
2024-02-01 07:00:00,7.64,7.64,7.64,7.64,100
2024-02-02 07:00:00,8.21,8.21,7.71,7.71,800
2024-02-05 07:00:00,7.71,7.78,7.71,7.71,2700
2024-02-06 07:00:00,7.71,7.78,7.71,7.71,2200
2024-02-07 07:00:00,7.85,7.85,7.85,7.85,100
2024-02-15 07:00:00,7.85,7.85,7.64,7.64,2500
2024-02-16 07:00:00,7.85,7.85,7.78,7.78,1200
2024-02-19 07:00:00,7.71,7.71,7.64,7.71,5200
2024-02-20 07:00:00,7.71,7.71,7.71,7.71,1600
2024-02-21 07:00:00,7.85,7.85,7.78,7.78,400
2024-02-23 07:00:00,7.71,7.71,7.64,7.71,2210
2024-02-26 07:00:00,7.78,7.85,7.71,7.85,1500
2024-02-27 07:00:00,7.85,8.43,7.85,7.85,1800
2024-02-28 07:00:00,7.85,7.85,7.85,7.85,500
2024-02-29 07:00:00,7.71,7.78,7.71,7.78,1601
2024-03-01 07:00:00,7.71,7.85,7.71,7.85,2401
2024-03-04 07:00:00,7.85,7.85,7.78,7.78,12501
2024-03-05 07:00:00,7.78,7.78,7.78,7.78,5223
2024-03-06 07:00:00,7.78,7.78,7.78,7.78,11100
2024-03-07 07:00:00,7.78,7.78,7.71,7.71,4700
2024-03-08 07:00:00,7.92,8.43,7.92,8.43,169300
2024-03-11 07:00:00,9.22,9.22,9.22,9.22,24626
2024-03-12 07:00:00,10.08,10.08,10.08,10.08,40700
2024-03-13 07:00:00,11.09,11.09,10.01,10.08,266800
2024-03-14 07:00:00,10.08,10.37,9.72,10.01,238300
2024-03-15 07:00:00,10.01,10.88,10.01,10.52,183671
2024-03-18 07:00:00,10.66,10.95,10.23,10.59,289633
2024-03-19 07:00:00,10.59,10.59,10.3,10.3,22200
2024-03-20 07:00:00,10.3,10.3,9.94,10.3,36342
2024-03-21 07:00:00,9.94,10.8,9.8,10.23,113003
2024-03-22 07:00:00,10.23,11.24,10.23,11.24,378309
2024-03-25 07:00:00,12.32,12.32,11.24,11.31,166004
2024-03-26 07:00:00,11.09,12.17,10.66,11.88,166869
2024-03-27 07:00:00,12.03,12.03,11.67,11.96,46506
2024-03-28 07:00:00,11.67,12.82,11.45,11.67,213321
2024-03-29 07:00:00,11.45,12.82,11.45,12.32,214248
2024-04-01 07:00:00,12.17,12.32,11.45,11.81,304488
2024-04-02 07:00:00,11.52,12.39,11.31,11.31,105000
2024-04-03 07:00:00,11.31,11.88,10.66,10.88,164300
2024-04-04 07:00:00,10.88,11.09,10.3,10.3,140113
2024-04-05 07:00:00,10.44,11.02,10.3,10.8,108664
2024-04-08 07:00:00,10.8,10.8,10.37,10.52,28400
2024-04-09 07:00:00,10.44,10.73,10.08,10.3,116711
2024-04-10 07:00:00,10.44,10.44,10.01,10.23,129691
2024-04-11 07:00:00,10.3,11.24,10.23,11.24,340935
2024-04-12 07:00:00,12.1,12.1,11.02,11.31,289481
2024-04-15 07:00:00,11.31,11.31,10.23,10.23,144273
2024-04-16 07:00:00,10.23,10.23,9.22,9.72,154301
2024-04-17 07:00:00,9.72,10.01,9.36,9.72,71800
2024-04-19 07:00:00,9.94,9.94,8.79,8.86,159900
2024-04-22 07:00:00,8.86,9.15,8.79,8.79,76800
2024-04-23 07:00:00,8.93,9.07,8.64,8.64,168100
2024-04-24 07:00:00,8.72,9.36,8.72,9.15,108300
2024-04-25 07:00:00,9.0,9.15,8.93,9.07,9100
2024-04-26 07:00:00,8.86,9.22,8.86,9.0,29000
2024-05-02 07:00:00,8.93,9.07,8.93,9.07,8706
2024-05-03 07:00:00,9.07,9.72,9.07,9.65,115500
2024-05-06 07:00:00,9.58,9.72,9.51,9.72,57000
2024-05-07 07:00:00,9.72,9.94,9.51,9.65,59300
2024-05-08 07:00:00,9.51,9.58,9.44,9.58,54690
2024-05-09 07:00:00,9.44,9.8,9.29,9.51,52623
2024-05-10 07:00:00,9.36,9.65,9.22,9.51,71535
2024-05-13 07:00:00,10.08,10.08,9.58,9.87,76400
2024-05-14 07:00:00,9.87,9.94,9.58,9.94,88600
2024-05-15 07:00:00,10.08,10.23,10.08,10.23,36900
2024-05-16 07:00:00,10.23,10.23,9.87,10.16,30300
2024-05-17 07:00:00,9.94,10.08,9.87,9.94,38100
2024-05-20 07:00:00,9.8,9.87,9.58,9.65,33302
2024-05-21 07:00:00,9.58,9.65,9.29,9.51,88142
2024-05-22 07:00:00,9.51,9.51,8.93,9.22,128121
2024-05-23 07:00:00,9.07,9.65,9.0,9.65,29100
2024-05-24 07:00:00,9.36,9.44,9.0,9.29,41000
2024-05-27 07:00:00,9.44,9.44,9.15,9.29,12082
2024-05-28 07:00:00,9.29,9.58,9.22,9.58,35800
2024-05-29 07:00:00,9.58,9.72,9.51,9.65,24000
2024-05-30 07:00:00,9.58,9.65,9.22,9.51,21300
2024-05-31 07:00:00,9.51,9.51,9.22,9.51,8300
2024-06-03 07:00:00,9.51,9.51,9.36,9.36,25118
2024-06-04 07:00:00,9.51,9.51,9.22,9.51,15300
2024-06-05 07:00:00,9.29,9.58,9.29,9.51,18515
2024-06-06 07:00:00,9.29,9.51,9.29,9.36,36100
2024-06-07 07:00:00,9.51,10.08,9.36,9.87,53100
2024-06-10 07:00:00,9.72,9.94,9.72,9.87,54905
2024-06-11 07:00:00,9.72,9.72,9.44,9.72,15800
2024-06-12 07:00:00,9.51,9.8,9.44,9.8,20800
2024-06-13 07:00:00,9.65,10.66,9.65,10.3,89500
2024-06-14 07:00:00,10.37,10.59,10.08,10.08,75800
2024-06-17 07:00:00,10.08,10.16,9.8,9.87,19731
2024-06-18 07:00:00,9.87,10.44,9.72,10.01,39700
2024-06-19 07:00:00,9.87,9.94,9.87,9.87,25300
2024-06-20 07:00:00,9.65,10.66,9.65,9.94,27400
2024-06-21 07:00:00,9.94,10.23,9.87,10.23,80000
2024-06-24 07:00:00,9.94,10.23,9.87,10.01,60970
2024-06-25 07:00:00,9.94,10.16,9.94,10.16,119600
2024-06-26 07:00:00,10.16,10.59,10.08,10.3,57700
2024-06-27 07:00:00,10.08,10.66,9.94,10.08,41700
2024-06-28 07:00:00,10.01,10.01,9.72,9.87,39800
2024-07-01 07:00:00,9.8,10.08,9.8,10.01,6900
2024-07-02 07:00:00,10.01,10.01,9.87,9.94,16500
2024-07-03 07:00:00,10.08,10.23,9.94,10.01,9500
2024-07-04 07:00:00,10.23,10.23,9.87,10.01,9700
2024-07-05 07:00:00,10.01,10.01,9.87,9.94,10200
2024-07-08 07:00:00,9.94,10.08,9.8,9.94,29300
2024-07-09 07:00:00,9.8,9.8,9.72,9.72,41346
2024-07-10 07:00:00,9.8,9.94,9.36,9.65,49300
2024-07-11 07:00:00,9.65,9.65,8.79,9.58,49205
2024-07-12 07:00:00,9.44,9.58,9.44,9.58,5800
2024-07-15 07:00:00,9.58,9.58,9.36,9.51,17600
2024-07-16 07:00:00,9.22,9.44,9.22,9.44,28600
2024-07-17 07:00:00,9.36,9.51,9.22,9.29,68900
2024-07-18 07:00:00,9.15,9.65,9.0,9.29,28270
2024-07-19 07:00:00,9.36,9.36,9.15,9.29,6402
2024-07-22 07:00:00,9.22,9.22,9.0,9.22,24100
2024-07-23 07:00:00,9.29,9.29,9.0,9.0,22311
2024-07-24 07:00:00,9.0,9.22,8.86,9.15,38425
2024-07-25 07:00:00,9.22,9.29,9.15,9.22,5200
2024-07-26 07:00:00,9.29,9.58,9.29,9.29,9500
2024-07-29 07:00:00,9.44,9.8,9.36,9.51,35506
2024-07-30 07:00:00,9.51,9.51,9.51,9.51,1500
2024-07-31 07:00:00,9.36,9.36,9.15,9.22,69311
2024-08-01 07:00:00,9.36,9.36,8.86,9.15,21000
2024-08-02 07:00:00,9.15,9.15,9.07,9.07,2700
2024-08-05 07:00:00,9.07,9.07,8.72,8.93,19100
2024-08-06 07:00:00,9.22,9.22,8.72,8.93,14000
2024-08-07 07:00:00,8.86,9.07,8.72,9.07,13000
2024-08-08 07:00:00,8.93,9.0,8.93,9.0,2244
2024-08-09 07:00:00,8.79,9.07,8.79,9.07,7670
2024-08-12 07:00:00,8.72,9.0,8.64,8.93,15700
2024-08-13 07:00:00,9.15,9.15,8.93,9.0,8310
2024-08-14 07:00:00,8.93,9.07,8.93,9.0,23900
2024-08-15 07:00:00,9.0,9.0,8.86,8.93,9800
2024-08-16 07:00:00,9.58,9.58,8.93,9.22,17900
2024-08-19 07:00:00,9.22,9.65,8.93,9.15,14205
2024-08-20 07:00:00,9.15,9.15,9.15,9.15,3000
2024-08-21 07:00:00,9.07,9.15,9.0,9.15,16800
2024-08-22 07:00:00,9.07,9.15,9.0,9.15,5700
2024-08-23 07:00:00,9.15,9.15,9.0,9.07,12107
2024-08-26 07:00:00,9.0,9.0,9.0,9.0,30113
2024-08-27 07:00:00,9.0,9.15,9.0,9.15,6400
2024-08-28 07:00:00,9.22,9.22,9.0,9.0,4400
2024-08-29 07:00:00,9.0,9.0,8.86,9.0,16300
2024-08-30 07:00:00,9.0,9.0,8.86,9.0,30600
2024-09-04 07:00:00,9.0,9.22,8.79,9.0,88360
2024-09-05 07:00:00,8.93,9.29,8.93,9.15,109700
2024-09-06 07:00:00,9.22,9.22,9.07,9.15,62500
2024-09-09 07:00:00,9.07,9.36,9.07,9.22,109800
2024-09-10 07:00:00,9.22,9.22,9.0,9.22,88500
2024-09-11 07:00:00,9.0,9.22,9.0,9.15,23567
2024-09-12 07:00:00,9.22,9.29,9.15,9.29,35300
2024-09-13 07:00:00,10.08,10.08,9.36,9.44,60440
2024-09-16 07:00:00,9.36,9.65,9.36,9.65,76127
2024-09-17 07:00:00,9.65,9.72,9.65,9.72,115610
2024-09-18 07:00:00,9.8,9.8,9.36,9.44,59028
2024-09-19 07:00:00,9.72,9.72,9.44,9.51,25777
2024-09-20 07:00:00,9.58,9.58,9.51,9.58,40601
2024-09-23 07:00:00,9.65,9.72,9.51,9.58,73736
2024-09-24 07:00:00,9.65,9.65,9.51,9.58,24406
2024-09-25 07:00:00,9.58,9.58,9.36,9.51,64600
2024-09-26 07:00:00,9.9,9.9,9.03,9.19,42883
2024-09-27 07:00:00,9.19,9.19,8.79,9.03,67648
2024-09-30 07:00:00,9.11,9.11,9.03,9.11,22755
2024-10-01 07:00:00,9.11,9.11,8.95,9.11,52350
2024-10-02 07:00:00,8.95,9.03,8.87,9.03,17331
2024-10-03 07:00:00,8.95,8.95,8.79,8.79,42509
2024-10-04 07:00:00,8.95,8.95,8.79,8.87,20315
2024-10-07 07:00:00,8.87,8.95,8.87,8.95,28724
2024-10-08 07:00:00,8.87,8.95,8.87,8.95,8100
2024-10-09 07:00:00,8.95,9.03,8.87,9.03,18445
2024-10-10 07:00:00,9.03,9.03,9.03,9.03,21
2024-10-11 07:00:00,8.95,8.95,8.95,8.95,7485
2024-10-14 07:00:00,8.87,8.95,8.87,8.95,7200
2024-10-15 07:00:00,8.95,8.95,8.72,8.79,23923
2024-10-16 07:00:00,8.87,8.95,8.79,8.87,3200
2024-10-17 07:00:00,8.87,8.95,8.87,8.95,4652
2024-10-18 07:00:00,8.87,8.95,8.87,8.95,14800
2024-10-21 07:00:00,8.95,8.95,8.79,8.87,23902
2024-10-22 07:00:00,8.87,8.95,8.56,8.95,20200
2024-10-23 07:00:00,8.95,8.95,8.95,8.95,141
2024-10-24 07:00:00,8.95,8.95,8.48,8.87,13643
2024-10-25 07:00:00,8.79,8.87,8.79,8.87,5900
2024-10-28 07:00:00,8.72,8.87,8.72,8.87,6300
2024-10-29 07:00:00,8.87,8.87,8.79,8.87,3900
2024-10-30 07:00:00,8.87,8.87,8.72,8.87,9900
2024-10-31 07:00:00,8.95,9.27,8.95,9.27,44700
2024-11-01 07:00:00,9.27,9.43,9.11,9.19,17000
2024-11-04 07:00:00,9.19,9.27,9.19,9.27,11210
2024-11-05 07:00:00,8.72,9.27,8.48,9.19,3300
2024-11-06 07:00:00,9.43,9.43,9.03,9.43,33013
2024-11-07 07:00:00,9.35,9.51,9.19,9.35,8100
2024-11-08 07:00:00,9.35,9.43,9.35,9.43,17600
2024-11-11 07:00:00,9.35,9.43,9.35,9.35,11056
2024-11-12 07:00:00,9.35,9.35,9.27,9.27,28105
2024-11-13 07:00:00,9.43,9.43,9.27,9.27,8200
2024-11-14 07:00:00,9.27,9.27,9.11,9.27,22512
2024-11-15 07:00:00,9.11,9.27,9.11,9.27,14257
2024-11-18 07:00:00,9.27,9.43,9.27,9.43,322
2024-11-19 07:00:00,9.35,9.35,9.19,9.19,15300
2024-11-21 07:00:00,9.27,9.35,9.19,9.27,14500
2024-11-22 07:00:00,9.27,9.35,9.27,9.35,500
2024-11-25 07:00:00,9.27,9.43,9.19,9.27,2900
2024-11-26 07:00:00,9.27,9.35,9.27,9.35,4800
2024-11-27 07:00:00,9.43,9.9,9.43,9.43,1500
2024-11-28 07:00:00,9.43,9.43,9.43,9.43,3500
2024-12-02 07:00:00,9.59,9.59,9.43,9.43,200
2024-12-03 07:00:00,9.59,9.59,9.11,9.27,11201
2024-12-04 07:00:00,8.95,9.27,8.79,9.27,7100
2024-12-05 07:00:00,8.95,9.43,8.95,9.27,9600
2024-12-06 07:00:00,9.35,9.35,9.03,9.27,900
2024-12-09 07:00:00,9.27,9.27,9.27,9.27,3001
2024-12-10 07:00:00,8.95,9.35,8.87,9.27,10700
2024-12-11 07:00:00,9.11,9.43,9.11,9.27,4900
2024-12-12 07:00:00,9.11,9.27,9.03,9.27,20200
2024-12-13 07:00:00,9.03,9.27,8.95,9.27,5500
2024-12-16 07:00:00,9.03,9.19,8.87,9.19,8800
2024-12-17 07:00:00,9.19,9.19,8.87,9.19,7000
2024-12-18 07:00:00,9.27,9.27,9.11,9.19,1200
2024-12-19 07:00:00,9.11,9.19,9.11,9.19,6000
2024-12-20 07:00:00,9.19,9.9,9.19,9.82,66720
2024-12-23 07:00:00,9.59,10.22,9.51,9.98,115847
2024-12-24 07:00:00,9.67,10.14,9.67,9.98,131800
2024-12-25 07:00:00,10.06,10.22,9.98,10.06,90455
2024-12-26 07:00:00,10.14,10.14,9.98,10.06,100000
2024-12-27 07:00:00,10.06,10.38,10.06,10.14,87758
2024-12-30 07:00:00,10.46,10.46,10.06,10.14,12605
2024-12-31 07:00:00,10.3,10.3,9.82,9.82,11800
2025-01-02 07:00:00,10.3,10.3,9.82,9.98,35800
2025-01-03 07:00:00,9.98,10.06,9.9,9.9,4323
2025-01-06 07:00:00,10.3,10.3,9.98,9.98,32600
2025-01-07 07:00:00,10.3,10.3,9.9,10.06,61100
2025-01-08 07:00:00,10.3,10.3,9.51,10.06,428600
2025-01-09 07:00:00,10.22,10.22,10.06,10.22,7100
2025-01-10 07:00:00,10.3,10.3,9.74,9.74,19250
2025-01-13 07:00:00,9.74,9.74,9.67,9.74,22200
2025-01-14 07:00:00,9.82,9.82,9.51,9.74,1800
2025-01-15 07:00:00,9.67,9.74,9.59,9.67,9800
2025-01-16 07:00:00,9.51,9.9,9.51,9.67,31402
2025-01-17 07:00:00,9.9,9.98,9.74,9.9,12707
2025-01-20 07:00:00,9.59,10.06,9.59,9.9,4931
2025-01-21 07:00:00,9.51,10.85,9.51,10.22,8500
2025-01-22 07:00:00,10.22,10.22,9.9,9.9,800
2025-01-23 07:00:00,10.22,10.22,10.14,10.14,3200
2025-01-24 07:00:00,10.22,10.22,9.9,10.14,9133
2025-02-03 07:00:00,10.22,10.3,9.82,10.14,82500
2025-02-04 07:00:00,10.14,10.22,9.98,10.22,17133
2025-02-05 07:00:00,10.38,10.38,10.06,10.22,9400
2025-02-06 07:00:00,10.3,10.7,10.14,10.7,32900
2025-02-07 07:00:00,10.54,10.93,10.54,10.85,76601
2025-02-10 07:00:00,10.85,11.57,10.85,11.25,168509
2025-02-11 07:00:00,11.25,11.65,11.01,11.41,64600
2025-02-12 07:00:00,11.88,11.88,11.01,11.25,16500
2025-02-13 07:00:00,11.49,11.49,10.7,11.09,143601
2025-02-14 07:00:00,11.09,11.33,10.93,11.09,17702
2025-02-17 07:00:00,11.09,11.09,10.7,10.7,64700
2025-02-18 07:00:00,10.93,11.09,10.7,10.93,33201
2025-02-19 07:00:00,10.85,10.85,10.7,10.78,27300
2025-02-20 07:00:00,10.7,11.01,10.7,10.78,27801
2025-02-21 07:00:00,11.01,11.01,10.7,10.93,10800
2025-02-24 07:00:00,10.93,10.93,10.62,10.78,21700
2025-02-25 07:00:00,10.78,10.93,10.7,10.85,11307
2025-02-26 07:00:00,10.62,10.78,10.54,10.78,33507
2025-02-27 07:00:00,10.54,10.78,10.54,10.78,12703
2025-02-28 07:00:00,10.85,10.85,10.7,10.85,12100
2025-03-03 07:00:00,10.85,11.01,10.85,10.85,14300
2025-03-04 07:00:00,10.85,10.93,10.7,10.85,10512
2025-03-05 07:00:00,10.85,10.93,10.7,10.93,20900
2025-03-06 07:00:00,10.93,11.09,10.85,10.93,2801
2025-03-07 07:00:00,10.85,10.93,10.85,10.85,300
2025-03-10 07:00:00,11.09,11.88,10.85,10.85,15901
2025-03-11 07:00:00,10.85,11.73,10.78,10.85,11500
2025-03-12 07:00:00,10.78,11.09,10.78,10.85,20201
2025-03-13 07:00:00,10.93,10.93,10.54,10.85,29200
2025-03-14 07:00:00,10.54,10.7,10.3,10.54,46509
2025-03-17 07:00:00,10.7,10.78,10.54,10.78,8100
2025-03-18 07:00:00,10.62,10.7,10.3,10.7,27900
2025-03-19 07:00:00,10.38,10.7,10.38,10.62,11700
2025-03-20 07:00:00,10.7,10.7,10.38,10.62,5900
2025-03-21 07:00:00,10.7,10.7,10.62,10.7,1700
2025-03-24 07:00:00,10.7,10.7,10.54,10.62,2800
2025-03-25 07:00:00,10.7,10.7,10.62,10.62,2100
2025-03-26 07:00:00,10.38,10.7,10.38,10.7,1100
2025-03-27 07:00:00,10.7,10.7,10.54,10.62,1700
2025-03-28 07:00:00,10.38,10.62,10.38,10.62,6300
2025-03-31 07:00:00,10.38,10.62,10.38,10.54,2600
2025-04-01 07:00:00,10.7,10.7,10.54,10.7,6400
2025-04-02 07:00:00,10.7,10.7,10.3,10.62,9300
2025-04-03 07:00:00,10.22,10.62,9.74,9.9,32300
2025-04-04 07:00:00,9.67,10.38,9.51,10.14,33000
2025-04-08 07:00:00,10.62,10.62,9.51,9.51,75300
2025-04-09 07:00:00,9.19,9.82,9.19,9.82,22700
2025-04-10 07:00:00,10.22,10.62,10.22,10.46,27900
2025-04-11 07:00:00,10.7,10.7,10.06,10.14,16801
2025-04-14 07:00:00,10.38,10.46,10.22,10.46,7100
2025-04-15 07:00:00,9.98,10.46,9.98,10.38,12400
2025-04-16 07:00:00,10.06,10.62,10.06,10.62,10508
2025-04-18 07:00:00,10.3,10.62,10.3,10.38,1400
2025-04-21 07:00:00,10.7,10.7,10.38,10.38,2101
2025-04-22 07:00:00,10.54,10.54,10.38,10.54,3500
2025-04-23 07:00:00,10.54,10.54,10.38,10.54,3800
2025-04-24 07:00:00,10.7,10.7,10.3,10.54,2600
2025-04-25 07:00:00,10.38,10.62,10.38,10.54,6600
2025-04-28 07:00:00,10.7,10.7,10.54,10.62,14600
2025-04-29 07:00:00,10.62,10.7,10.62,10.7,10400
2025-05-05 07:00:00,11.09,11.09,10.54,10.54,11100
2025-05-06 07:00:00,10.7,10.7,10.54,10.62,15600
2025-05-07 07:00:00,10.54,10.54,10.38,10.46,16700
2025-05-08 07:00:00,10.62,10.62,10.38,10.54,31000
2025-05-09 07:00:00,10.7,10.7,10.3,10.54,21100
2025-05-12 07:00:00,10.7,10.78,10.62,10.7,86500
2025-05-13 07:00:00,10.7,11.01,10.46,10.7,38300
2025-05-14 07:00:00,10.85,11.17,10.85,11.09,164500
2025-05-15 07:00:00,11.09,11.17,10.78,11.17,78300
2025-05-16 07:00:00,11.41,11.96,11.41,11.96,233800
2025-05-19 07:00:00,12.04,12.04,11.57,11.88,77500
2025-05-20 07:00:00,11.96,11.96,11.49,11.88,68800
2025-05-21 07:00:00,11.88,11.88,11.57,11.8,25200
2025-05-22 07:00:00,11.8,11.8,11.25,11.73,29300
2025-05-23 07:00:00,11.96,11.96,11.41,11.65,29200
2025-05-26 07:00:00,11.88,11.88,11.41,11.65,45100
2025-05-27 07:00:00,11.49,11.65,11.33,11.65,111800
2025-05-28 07:00:00,11.49,11.49,11.25,11.33,74300
2025-05-29 07:00:00,11.25,11.49,11.17,11.25,61300
2025-05-30 07:00:00,11.25,11.25,10.93,10.93,44500
2025-06-02 07:00:00,11.09,11.09,10.85,11.09,145800
2025-06-03 07:00:00,11.17,11.25,10.85,11.25,148600
2025-06-04 07:00:00,11.09,11.25,10.93,10.93,61300
2025-06-05 07:00:00,11.01,11.01,10.78,10.93,65100
2025-06-06 07:00:00,11.01,11.01,10.85,11.01,12500
2025-06-09 07:00:00,10.93,11.01,10.93,11.01,19900
2025-06-10 07:00:00,11.57,11.57,11.01,11.09,22200
2025-06-11 07:00:00,11.01,11.09,10.93,10.93,17800
2025-06-12 07:00:00,11.17,11.17,11.01,11.17,40300
2025-06-13 07:00:00,11.09,11.41,10.7,11.01,304900
2025-06-16 07:00:00,10.93,11.09,10.62,11.09,362600
2025-06-17 07:00:00,11.09,11.09,10.85,10.93,40100
2025-06-18 07:00:00,10.85,11.09,10.85,10.93,30400
2025-06-19 07:00:00,10.93,10.93,10.85,10.93,19400
2025-06-20 07:00:00,10.85,10.93,10.78,10.78,24100
2025-06-23 07:00:00,10.78,10.85,10.7,10.7,16700
2025-06-24 07:00:00,10.85,10.85,10.7,10.78,20500
2025-06-25 07:00:00,10.78,10.85,10.78,10.85,15500
2025-06-26 07:00:00,10.85,10.85,10.78,10.85,12900
2025-06-27 07:00:00,10.78,10.78,10.7,10.78,69500
2025-06-30 07:00:00,10.62,10.78,10.62,10.78,33100
2025-07-01 07:00:00,10.85,10.85,10.7,10.78,2400
2025-07-02 07:00:00,10.93,10.93,10.54,10.78,27600
2025-07-03 07:00:00,10.78,11.01,10.7,10.85,19800
2025-07-04 07:00:00,10.85,10.85,10.7,10.7,47900
2025-07-07 07:00:00,10.85,10.85,10.7,10.78,10400
2025-07-08 07:00:00,10.93,10.93,10.7,10.78,26300
2025-07-09 07:00:00,10.78,10.85,10.7,10.85,33000
2025-07-10 07:00:00,10.85,10.85,10.78,10.78,2100
2025-07-11 07:00:00,10.78,10.85,10.78,10.78,63000
2025-07-14 07:00:00,11.09,11.09,10.78,10.78,31500
2025-07-15 07:00:00,10.85,10.85,10.7,10.78,47200
2025-07-16 07:00:00,10.7,10.78,10.7,10.78,18200
2025-07-17 07:00:00,10.85,11.25,10.78,10.93,16400
2025-07-18 07:00:00,10.78,10.93,10.78,10.85,6800
2025-07-21 07:00:00,10.93,11.01,10.85,11.01,85700
2025-07-22 07:00:00,11.01,11.09,10.93,10.93,3700
2025-07-23 07:00:00,10.85,10.93,10.78,10.93,17900
2025-07-24 07:00:00,10.93,11.96,10.93,11.09,23200
2025-07-25 07:00:00,11.09,11.17,11.09,11.09,49400
2025-07-28 07:00:00,11.09,11.17,11.01,11.09,53400
2025-07-29 07:00:00,11.01,11.01,10.85,10.85,31500
2025-07-30 07:00:00,11.09,11.09,11.01,11.01,1100
2025-07-31 07:00:00,11.09,11.09,10.85,11.01,31900
2025-08-01 07:00:00,11.01,11.01,10.85,10.93,9100
2025-08-04 07:00:00,10.93,10.93,10.78,10.78,9500
2025-08-05 07:00:00,10.85,10.93,10.78,10.93,107200
2025-08-06 07:00:00,10.93,10.93,10.85,10.93,6600
2025-08-07 07:00:00,10.93,10.93,10.85,10.93,2500
2025-08-08 07:00:00,10.93,11.01,10.85,10.93,27100
2025-08-11 07:00:00,11.01,11.01,10.93,10.93,20300
2025-08-12 07:00:00,11.01,11.17,11.01,11.09,21000
2025-08-13 07:00:00,11.09,11.17,11.01,11.09,46200
2025-08-14 07:00:00,11.49,11.49,11.09,11.25,19100
2025-08-15 07:00:00,11.25,11.25,11.01,11.09,57600
2025-08-18 07:00:00,11.33,11.33,10.93,11.09,8800
2025-08-19 07:00:00,11.09,11.25,11.01,11.09,14600
2025-08-20 07:00:00,11.41,11.41,11.01,11.01,33200
2025-08-21 07:00:00,11.25,11.25,10.93,10.93,33800
2025-08-22 07:00:00,10.93,11.09,10.93,11.09,16100
2025-08-25 07:00:00,11.09,11.17,10.93,11.01,14700
2025-08-26 07:00:00,11.09,11.09,10.93,11.09,14700
2025-08-27 07:00:00,11.49,11.8,11.09,11.17,25200
2025-08-28 07:00:00,11.01,11.8,11.01,11.25,50000
2025-08-29 07:00:00,11.73,11.73,11.25,11.33,15300
2025-09-03 07:00:00,11.33,11.41,11.25,11.41,31700
2025-09-04 07:00:00,11.33,11.41,11.25,11.41,24800
2025-09-05 07:00:00,11.33,11.65,11.33,11.57,91300
2025-09-08 07:00:00,11.41,11.41,11.25,11.33,23300
2025-09-09 07:00:00,11.49,11.73,11.41,11.73,100100
2025-09-10 07:00:00,11.73,11.88,11.57,11.65,14700
2025-09-11 07:00:00,11.65,11.65,11.49,11.65,66500
2025-09-12 07:00:00,11.73,12.76,11.65,12.04,349200
2025-09-15 07:00:00,12.04,12.36,12.04,12.12,102000
2025-09-16 07:00:00,12.12,12.12,11.8,11.88,92600
2025-09-17 07:00:00,11.88,11.88,11.65,11.8,87000
2025-09-18 07:00:00,11.88,11.96,11.65,11.8,78500
2025-09-19 07:00:00,11.8,11.8,11.73,11.8,16200
2025-09-22 07:00:00,11.8,11.8,10.7,11.49,318300
2025-09-23 07:00:00,11.73,11.73,11.25,11.33,114600
2025-09-24 07:00:00,11.86,11.86,10.98,11.15,148300
2025-09-25 07:00:00,11.15,11.15,10.8,10.89,50800
2025-09-26 07:00:00,10.89,10.89,10.8,10.89,25900
2025-09-29 07:00:00,10.8,11.07,10.8,10.8,26200
2025-09-30 07:00:00,10.8,10.98,10.72,10.89,19000
2025-10-01 07:00:00,10.89,10.98,10.72,10.98,13000
2025-10-02 07:00:00,10.98,11.59,10.98,11.07,61800
2025-10-03 07:00:00,10.98,11.24,10.98,11.07,6100
2025-10-06 07:00:00,11.15,11.15,10.98,10.98,6800
2025-10-07 07:00:00,10.98,11.07,10.89,11.07,23100
2025-10-08 07:00:00,10.98,11.07,10.89,11.07,31300
2025-10-09 07:00:00,11.07,11.07,10.98,11.07,16000
2025-10-10 07:00:00,10.89,11.07,10.89,10.98,52700
2025-10-13 07:00:00,10.8,10.98,10.8,10.89,30700
2025-10-14 07:00:00,10.89,10.98,10.8,10.89,33700
2025-10-15 07:00:00,10.8,11.42,10.8,11.07,21100
2025-10-16 07:00:00,10.98,11.07,10.8,10.98,1700
2025-10-17 07:00:00,11.07,11.15,10.8,11.07,25900
2025-10-20 07:00:00,11.07,11.07,10.8,10.8,16700
2025-10-21 07:00:00,10.8,10.8,10.45,10.8,64000
2025-10-22 07:00:00,10.63,10.89,10.63,10.8,19700
2025-10-23 07:00:00,10.89,10.89,10.63,10.8,16300
2025-10-24 07:00:00,11.15,11.15,11.15,11.15,100
2025-10-27 07:00:00,10.72,10.89,10.63,10.63,11500
2025-10-28 07:00:00,10.63,10.89,10.63,10.8,13600
2025-10-29 07:00:00,10.72,10.89,10.72,10.8,5600
2025-10-30 07:00:00,10.8,10.8,10.72,10.8,6800
2025-10-31 07:00:00,10.98,10.98,10.8,10.8,400
2025-11-03 07:00:00,10.63,10.63,10.1,10.28,169300
2025-11-04 07:00:00,10.36,10.45,10.01,10.28,37300
2025-11-05 07:00:00,10.36,10.36,10.28,10.28,8600
2025-11-06 07:00:00,10.19,10.36,10.19,10.36,1100
2025-11-07 07:00:00,10.19,10.36,10.01,10.1,61800
2025-11-10 07:00:00,10.28,10.28,10.1,10.19,9900
2025-11-11 07:00:00,10.28,10.28,10.28,10.28,1600
2025-11-12 07:00:00,10.36,10.36,10.1,10.28,6200
2025-11-13 07:00:00,10.36,10.36,10.1,10.36,4200
2025-11-14 07:00:00,10.19,10.89,10.1,10.36,17400
2025-11-17 07:00:00,10.45,10.54,10.28,10.54,94300
2025-11-18 07:00:00,10.19,10.36,10.19,10.36,5200
2025-11-19 07:00:00,10.45,10.45,10.28,10.28,5700
2025-11-20 07:00:00,10.45,10.45,10.19,10.36,3200
2025-11-21 07:00:00,10.19,10.28,10.1,10.28,13400
2025-11-24 07:00:00,10.1,10.45,10.1,10.36,6200
2025-11-25 07:00:00,10.1,10.36,10.1,10.36,2700
2025-11-26 07:00:00,10.36,10.36,10.19,10.36,2900
2025-11-27 07:00:00,10.36,10.36,10.28,10.36,1300
2025-11-28 07:00:00,10.45,10.45,10.28,10.36,2300
2025-12-01 07:00:00,10.45,10.45,10.36,10.36,400
2025-12-02 07:00:00,10.19,10.36,10.19,10.28,1200
2025-12-03 07:00:00,10.36,11.15,10.28,10.98,56700
2025-12-04 07:00:00,10.54,10.72,10.54,10.72,46400
2025-12-05 07:00:00,10.54,10.8,10.54,10.8,5000
2025-12-08 07:00:00,10.8,10.98,10.8,10.89,21100
2025-12-09 07:00:00,10.89,10.89,10.63,10.8,4300
2025-12-10 07:00:00,10.8,10.8,10.54,10.72,3800
2025-12-11 07:00:00,10.8,10.8,10.45,10.72,4700
2025-12-12 07:00:00,10.8,10.98,10.8,10.98,46500
2025-12-15 07:00:00,10.89,10.98,10.89,10.98,70500
2025-12-16 07:00:00,10.89,10.89,10.89,10.89,27000
2025-12-17 07:00:00,10.98,10.98,10.8,10.8,2200
2025-12-18 07:00:00,10.8,10.8,10.8,10.8,100
2025-12-19 07:00:00,10.89,10.89,10.89,10.89,100
2025-12-22 07:00:00,10.89,10.89,10.89,10.89,400
2025-12-23 07:00:00,10.63,10.89,10.63,10.89,200
2025-12-24 07:00:00,10.63,10.89,10.63,10.89,300
2025-12-26 07:00:00,10.54,10.89,10.54,10.89,800
2025-12-29 07:00:00,10.63,10.8,10.63,10.8,69100
2025-12-30 07:00:00,10.54,10.8,10.54,10.8,5400
2025-12-31 07:00:00,10.8,10.8,10.8,10.8,200
2026-01-05 07:00:00,10.89,10.89,10.72,10.89,11700
2026-01-06 07:00:00,10.72,10.8,10.54,10.8,7700
2026-01-07 07:00:00,10.89,10.89,10.8,10.8,300
2026-01-08 07:00:00,10.89,10.89,10.63,10.63,200
2026-01-09 07:00:00,10.63,10.89,10.63,10.63,4900
2026-01-12 07:00:00,10.89,10.89,10.54,10.89,32200
2026-01-13 07:00:00,10.98,10.98,10.54,10.89,8600
2026-01-14 07:00:00,10.72,10.89,10.72,10.89,5900
2026-01-15 07:00:00,10.63,10.8,10.63,10.8,300
2026-01-16 07:00:00,10.54,10.98,10.54,10.8,8700
2026-01-19 07:00:00,10.98,10.98,10.54,10.8,108000
2026-01-20 07:00:00,10.8,10.8,10.54,10.8,30400
2026-01-21 07:00:00,10.72,10.72,10.54,10.72,2000
2026-01-22 07:00:00,10.63,10.72,10.63,10.72,1200
2026-01-23 07:00:00,10.72,10.8,10.54,10.54,43200
2026-01-26 07:00:00,10.72,10.72,10.45,10.54,12500
2026-01-27 07:00:00,10.72,10.72,10.36,10.54,500
2026-01-28 07:00:00,10.72,10.8,10.54,10.54,31500
2026-01-29 07:00:00,10.63,10.63,10.54,10.54,8700
2026-01-30 07:00:00,10.54,10.54,10.54,10.54,1100
2026-02-02 07:00:00,10.8,10.8,10.54,10.72,118300
2026-02-03 07:00:00,10.8,10.8,10.63,10.72,7400
2026-02-04 07:00:00,10.8,10.8,10.63,10.8,6200
2026-02-05 07:00:00,10.72,10.8,10.63,10.8,24200
2026-02-06 07:00:00,10.63,10.72,10.63,10.72,13300
2026-02-09 07:00:00,10.54,10.8,10.54,10.72,4100
2026-02-10 07:00:00,10.63,10.72,9.92,10.63,12600
2026-02-11 07:00:00,10.72,10.8,10.63,10.72,11100
2026-02-12 07:00:00,10.8,10.8,10.63,10.72,4800
2026-02-13 07:00:00,10.63,10.72,10.63,10.72,400
2026-02-23 07:00:00,10.72,10.8,10.72,10.8,4000
2026-02-24 07:00:00,10.63,10.8,10.63,10.8,900
2026-02-25 07:00:00,10.72,10.8,10.72,10.8,1100
2026-02-26 07:00:00,10.72,10.8,10.72,10.8,4000
2026-02-27 07:00:00,10.8,10.89,10.63,10.89,20700
2026-03-02 07:00:00,10.54,10.8,10.54,10.8,12400
2026-03-03 07:00:00,10.72,10.8,10.72,10.8,4000
2026-03-04 07:00:00,10.54,10.72,10.45,10.63,46800
2026-03-05 07:00:00,10.72,10.72,10.45,10.72,3400
2026-03-06 07:00:00,10.72,10.72,10.72,10.72,2400
2026-03-09 07:00:00,10.72,10.72,10.1,10.36,32300
2026-03-10 07:00:00,10.54,10.89,10.1,10.89,16200
2026-03-11 07:00:00,10.54,10.72,10.54,10.72,900
2026-03-12 07:00:00,10.45,10.72,10.45,10.72,2800
2026-03-13 07:00:00,10.63,10.72,10.54,10.72,8200
2026-03-16 07:00:00,10.54,10.72,10.54,10.72,7300
2026-03-17 07:00:00,10.72,10.72,10.54,10.72,2100
2026-03-18 07:00:00,10.63,10.72,10.54,10.72,7900
2026-03-19 07:00:00,10.63,10.63,10.54,10.63,1200
2026-03-20 07:00:00,10.54,10.72,10.54,10.72,27900
2026-03-23 07:00:00,10.72,10.72,10.45,10.63,23200
2026-03-24 07:00:00,10.72,10.72,10.54,10.54,12300
2026-03-25 07:00:00,10.72,10.72,10.54,10.72,500
2026-03-26 07:00:00,10.72,10.89,10.72,10.72,3500
2026-03-27 07:00:00,10.63,10.63,10.54,10.63,12600
2026-03-30 07:00:00,10.45,10.63,10.45,10.63,17100
2026-03-31 07:00:00,10.45,10.63,10.19,10.45,221600
2026-04-01 07:00:00,10.54,10.54,10.28,10.36,20300
2026-04-02 07:00:00,10.28,10.28,10.1,10.1,83200
2026-04-03 07:00:00,10.19,10.19,10.1,10.19,16400
2026-04-06 07:00:00,10.19,10.19,10.1,10.19,26400
2026-04-07 07:00:00,10.19,10.36,10.01,10.28,22500
2026-04-08 07:00:00,10.54,10.54,10.01,10.1,43000
2026-04-09 07:00:00,10.36,10.36,9.92,10.1,8400
2026-04-10 07:00:00,10.1,10.28,10.01,10.19,30200
2026-04-13 07:00:00,10.1,10.1,10.01,10.1,11000
2026-04-14 07:00:00,10.19,10.19,10.1,10.19,6300
2026-04-15 07:00:00,10.28,10.28,10.1,10.28,10600
2026-04-16 07:00:00,10.19,10.28,10.19,10.28,300
2026-04-17 07:00:00,10.19,10.36,10.1,10.36,18000
2026-04-20 07:00:00,10.36,10.36,10.19,10.19,6500
2026-04-21 07:00:00,10.36,10.36,10.1,10.28,2200
2026-04-22 07:00:00,10.36,10.36,10.01,10.1,27400
2026-04-23 07:00:00,10.1,10.28,10.01,10.1,29000
2026-04-24 07:00:00,10.1,10.1,10.01,10.1,8600
2026-04-28 07:00:00,10.01,10.1,9.92,9.92,5900
2026-04-29 07:00:00,10.1,10.1,9.92,10.01,4900
2026-05-04 07:00:00,10.19,10.19,10.01,10.1,13800
2026-05-05 07:00:00,10.28,10.28,10.19,10.19,400
2026-05-06 07:00:00,10.01,10.19,10.01,10.1,2300
2026-05-07 07:00:00,10.28,10.28,10.1,10.1,1600
2026-05-08 07:00:00,10.19,10.19,10.1,10.1,300
2026-05-11 07:00:00,10.19,10.19,10.01,10.1,2900
2026-05-12 07:00:00,10.19,10.19,10.01,10.1,23200
2026-05-13 07:00:00,10.01,10.1,10.01,10.1,6700
2026-05-14 07:00:00,10.28,10.28,10.01,10.1,8100
2026-05-15 07:00:00,10.01,10.1,9.75,9.92,36900
2026-05-18 07:00:00,10.19,10.19,9.84,10.01,10300
2026-05-19 07:00:00,9.92,10.01,9.92,9.92,3400
2026-05-20 07:00:00,9.92,10.1,9.66,10.01,12200
2026-05-21 07:00:00,10.19,10.19,9.92,9.92,15000
2026-05-22 07:00:00,10.1,10.1,9.84,9.92,1400
2026-05-25 07:00:00,9.84,10.01,9.84,9.92,6200
2026-05-26 07:00:00,10.01,10.01,9.92,10.01,10300
2026-05-27 07:00:00,9.92,10.01,9.92,10.01,1600
2026-05-28 07:00:00,10.1,10.1,10.1,10.1,300
2026-05-29 07:00:00,9.84,10.1,9.84,10.1,1500
2026-06-01 07:00:00,10.1,10.1,10.01,10.1,1200
2026-06-02 07:00:00,10.1,10.1,10.1,10.1,100
2026-06-03 07:00:00,10.1,10.1,9.92,9.92,600
2026-06-04 07:00:00,9.84,10.1,9.84,10.01,800
2026-06-05 07:00:00,10.19,10.19,10.01,10.01,1600
2026-06-08 07:00:00,10.01,10.01,9.92,9.92,12200
2026-06-09 07:00:00,10.1,10.1,9.92,9.92,2100
2026-06-10 07:00:00,9.84,10.01,9.84,9.92,1900
2026-06-11 07:00:00,9.92,10.1,9.92,10.01,2200
2026-06-12 07:00:00,10.1,10.1,9.92,9.92,4300
2026-06-15 07:00:00,10.1,10.1,9.75,9.92,2800
2026-06-16 07:00:00,10.01,10.01,9.92,9.92,25700
2026-06-17 07:00:00,9.84,10.01,9.84,9.92,2500
2026-06-18 07:00:00,10.1,10.1,9.92,9.92,4400
2026-06-19 07:00:00,10.1,10.1,9.92,9.92,200
2026-06-22 07:00:00,10.1,10.1,9.84,9.84,2100
2026-06-23 07:00:00,9.92,9.92,9.84,9.84,8000
2026-06-24 07:00:00,9.84,9.92,9.75,9.92,3800
2026-06-25 07:00:00,10.01,10.01,9.84,9.92,2200
2026-06-26 07:00:00,9.84,9.92,9.84,9.92,900
2026-06-29 07:00:00,10.01,10.01,10.01,10.01,300
2026-06-30 07:00:00,9.92,10.01,9.84,10.01,8200
2026-07-01 07:00:00,10.1,10.1,10.01,10.01,1000
2026-07-02 07:00:00,10.01,10.01,10.01,10.01,700
2026-07-03 07:00:00,10.01,10.01,9.92,9.92,10400
2026-07-06 07:00:00,9.92,10.1,9.92,9.92,8300
2026-07-07 07:00:00,10.01,10.1,10.01,10.01,1000
2026-07-08 07:00:00,10.01,10.1,10.01,10.1,2000
2026-07-09 07:00:00,10.2,10.2,10.0,10.1,15900
2026-07-10 07:00:00,10.3,10.3,10.0,10.2,2300
2026-07-13 07:00:00,10.3,10.4,10.2,10.4,6400
2026-07-14 07:00:00,10.4,10.5,10.4,10.4,2700
2026-07-15 07:00:00,10.4,10.4,10.4,10.4,400
2026-07-16 07:00:00,10.4,10.4,10.0,10.0,14500
2026-07-17 07:00:00,10.5,10.5,10.5,10.5,100
2026-07-20 07:00:00,10.0,10.4,10.0,10.0,12100
2026-07-21 07:00:00,10.4,10.4,10.0,10.0,2900
2026-07-22 07:00:00,10.4,10.4,10.0,10.0,1700
2026-07-23 07:00:00,10.4,10.4,10.0,10.3,4200
2026-07-24 07:00:00,10.0,10.2,9.9,10.2,4800
2026-07-27 07:00:00,10.2,10.2,9.9,10.2,300
2026-07-28 07:00:00,9.9,10.2,9.9,10.2,300
2026-07-29 07:00:00,10.2,10.2,10.2,10.2,100
2026-07-30 07:00:00,10.2,10.2,10.2,10.2,100
2026-08-03 07:00:00,10.2,10.2,10.2,10.2,100
2026-08-04 07:00:00,10.2,10.2,10.0,10.1,9100
2026-08-05 07:00:00,10.2,10.2,10.0,10.0,8700
2026-08-06 07:00:00,10.2,10.2,10.2,10.2,100
2026-08-07 07:00:00,10.1,10.1,10.1,10.1,500
2026-08-10 07:00:00,10.1,10.2,10.1,10.2,2200
2026-08-11 07:00:00,10.1,10.2,10.1,10.2,3300
2026-08-12 07:00:00,10.1,10.2,10.0,10.2,5300
2026-08-13 07:00:00,10.0,10.1,10.0,10.1,1000
2026-08-17 07:00:00,10.2,10.2,10.1,10.2,300
2026-08-18 07:00:00,10.1,10.2,10.1,10.2,400
2026-08-19 07:00:00,10.0,10.1,9.9,10.1,9900
2026-08-20 07:00:00,10.2,10.2,10.2,10.2,100
2026-08-21 07:00:00,10.0,10.1,10.0,10.1,600
2026-08-24 07:00:00,10.2,10.2,10.0,10.1,4400
2026-08-25 07:00:00,10.1,10.1,10.1,10.1,100
2026-08-26 07:00:00,10.1,10.1,10.1,10.1,5700
2026-08-27 07:00:00,10.1,10.1,10.1,10.1,3400
2026-08-28 07:00:00,9.9,10.1,9.9,10.1,4200
2026-09-03 07:00:00,10.1,10.1,10.0,10.1,4600
2026-09-04 07:00:00,10.1,10.2,10.0,10.2,14600
2026-09-07 07:00:00,10.1,10.3,10.1,10.2,10800
2026-09-08 07:00:00,10.2,10.8,10.2,10.7,24700
2026-09-09 07:00:00,10.7,10.7,10.3,10.5,17400
2026-09-10 07:00:00,10.6,10.7,10.5,10.5,8200
2026-09-11 07:00:00,10.8,10.8,10.5,10.6,4500
2026-09-14 07:00:00,10.6,10.6,10.3,10.5,15000
2026-09-15 07:00:00,10.5,10.6,10.5,10.5,14400
